"phrase","translation_hy","translation_ru","category","level","example_en"
"break the ice","սառույցը կոտրել, զրույց սկսել","растопить лёд","idiom","A2","He told a joke to break the ice."
"piece of cake","շատ հեշտ բան","плёвое дело","idiom","A2","The test was a piece of cake."
"once in a blue moon","շատ հազվադեպ","раз в сто лет","idiom","B1","We go there once in a blue moon."
"hit the books","սովորել, նստել գրքերի վրա","сесть за учебники","idiom","A2","I need to hit the books tonight."
"under the weather","վատ ինքնազգացողություն","неважно себя чувствовать","idiom","B1","She is under the weather today."
"cost an arm and a leg","շատ թանկ արժենալ","стоить целое состояние","idiom","B1","That phone cost an arm and a leg."
"a blessing in disguise","թաքնված բարիք","счастье в несчастье","idiom","B2","Losing that job was a blessing in disguise."
"spill the beans","գաղտնիքը բացել","выдать секрет","idiom","B1","Come on, spill the beans."
"let the cat out of the bag","գաղտնիքը պատահաբար բացել","проболтаться","idiom","B2","He let the cat out of the bag."
"hit the nail on the head","ճիշտ կետին դիպչել","попасть в точку","idiom","B2","You hit the nail on the head."
"the ball is in your court","հերթը քեզն է","мяч на твоей стороне","idiom","B1","I made an offer. The ball is in your court."
"on the same page","նույն կարծիքին լինել","быть на одной волне","idiom","B1","Let us get on the same page first."
"call it a day","ավարտել աշխատանքը","на этом закончим","idiom","A2","It is late. Let’s call it a day."
"better late than never","ավելի լավ ուշ, քան երբեք","лучше поздно, чем никогда","idiom","A2","Better late than never, right?"
"actions speak louder than words","գործն ավելի բարձր է խոսում, քան խոսքը","дела говорят громче слов","idiom","B1","Actions speak louder than words."
"when pigs fly","երբեք, անհնարին","когда рак на горе свистнет","idiom","B1","He will clean his room when pigs fly."
"bite the bullet","դժվարը համբերությամբ կրել","стиснуть зубы","idiom","B2","I had to bite the bullet and pay the fine."
"burn the midnight oil","գիշերը աշխատել/սովորել","сидеть допоздна","idiom","B2","She burned the midnight oil before the exam."
"cut corners","խնայել որակի հաշվին","срезать углы","idiom","B2","Do not cut corners on safety."
"get out of hand","դուրս գալ վերահսկողությունից","выйти из-под контроля","idiom","B1","The party got out of hand."
"in hot water","դժվարության մեջ","в горячей воде, в беде","idiom","B1","He is in hot water with his boss."
"keep an eye on","հսկել, հետևել","присматривать","idiom","A2","Keep an eye on my bag, please."
"learn the ropes","սովորել աշխատանքի հիմունքները","войти в курс дела","idiom","B2","It takes a month to learn the ropes."
"make ends meet","ծայրը ծայրին հասցնել","сводить концы с концами","idiom","B2","They work two jobs to make ends meet."
"on cloud nine","շատ երջանիկ","на седьмом небе","idiom","B1","She was on cloud nine after the news."
"pull someone’s leg","կատակել, խաբել կատակով","подшучивать","idiom","B1","Relax, I was only pulling your leg."
"see eye to eye","համաձայնել","сходиться во мнениях","idiom","B1","We do not always see eye to eye."
"take it easy","չանհանգստանալ, հանգիստ վերաբերվել","не переживай","idiom","A2","Take it easy. Everything will be fine."
"the last straw","վերջին կաթիլը","последняя капля","idiom","B2","That comment was the last straw."
"through thick and thin","դժվար ու հեշտ ժամանակներում","и в горе, и в радости","idiom","B2","Friends stay through thick and thin."
"add fuel to the fire","կրակին յուղ լցնել","подливать масла в огонь","idiom","B2","His joke added fuel to the fire."
"a dime a dozen","շատ սովորական, էժան","тринадцать на дюжину","idiom","B2","Cheap souvenirs are a dime a dozen."
"beat around the bush","շրջանցել էությունը","ходить вокруг да около","idiom","B1","Stop beating around the bush."
"by the book","կանոններով","по правилам","idiom","B1","The inspector does everything by the book."
"cross that bridge when we come to it","խնդիրը լուծել, երբ այն գա","решать проблемы по мере поступления","idiom","B2","We will cross that bridge when we come to it."
"every cloud has a silver lining","չկա չարիք առանց բարիքի","нет худа без добра","idiom","B1","Every cloud has a silver lining."
"go the extra mile","ավելին անել, քան պահանջվում է","сделать больше, чем нужно","idiom","B1","Good teachers go the extra mile."
"hit the sack","գնալ քնելու","лечь спать","idiom","A2","I am tired. I will hit the sack."
"in a nutshell","մի խոսքով","в двух словах","idiom","B1","In a nutshell, we won."
"it is raining cats and dogs","հորդառատ անձրև է","льёт как из ведра","idiom","A2","Take an umbrella. It is raining cats and dogs."
"kill two birds with one stone","մի քարով երկու նպատակ","убить двух зайцев","idiom","B1","I killed two birds with one stone."
"leave no stone unturned","ամեն ինչ փորձել","перевернуть всё вверх дном","idiom","C1","The police left no stone unturned."
"miss the boat","բաց թողնել հնարավորությունը","упустить шанс","idiom","B2","If you wait, you may miss the boat."
"no pain no gain","առանց ջանքի արդյունք չկա","без труда не выловишь и рыбку","idiom","A2","No pain, no gain in sport."
"on the fence","չորոշված","колебаться","idiom","B2","I am still on the fence about moving."
"out of the blue","անսպասելիորեն","как снег на голову","idiom","B1","She called me out of the blue."
"play it by ear","իրավիճակին համաձայն գործել","действовать по обстановке","idiom","B2","We have no plan. Let’s play it by ear."
"read between the lines","ենթատեքստը հասկանալ","читать между строк","idiom","B2","Read between the lines of his email."
"rule of thumb","մոտավոր կանոն","эмпирическое правило","idiom","B2","As a rule of thumb, save 10 percent."
"speak of the devil","հենց խոսում էինք նրա մասին","лёгок на помине","idiom","B1","Speak of the devil, here he is."
"the best of both worlds","երկու կողմի լավը","лучшее из двух миров","idiom","B1","Working from home gives the best of both worlds."
"throw in the towel","հանձնվել","бросить полотенце","idiom","B2","He threw in the towel after round five."
"under someone’s thumb","մեկի ազդեցության տակ","под каблуком","idiom","C1","He is under his manager’s thumb."
"up in the air","չորոշված","в подвешенном состоянии","idiom","B1","Our plans are still up in the air."
"wear your heart on your sleeve","զգացմունքները չթաքցնել","душа нараспашку","idiom","C1","She wears her heart on her sleeve."
"you can say that again","լիովին համաձայն եմ","и не говори","idiom","A2","This room is cold. You can say that again."
"a penny for your thoughts","ի՞նչ ես մտածում","о чём задумался?","idiom","B1","A penny for your thoughts?"
"back to square one","նորից սկզբից","вернуться на исходную","idiom","B1","The deal failed, so we are back to square one."
"bite off more than you can chew","ավելի շատ վերցնել, քան կարող ես","взять больше, чем можешь","idiom","B2","He bit off more than he could chew."
"caught red-handed","գրավվել հանցանքի պահին","пойман с поличным","idiom","B2","The thief was caught red-handed."
"cry over spilled milk","անցածի համար տխրել","плакать над пролитым молоком","idiom","B1","Do not cry over spilled milk."
"cut to the chase","անցնել էությանը","перейти к делу","idiom","B2","Cut to the chase: do we have a deal?"
"easier said than done","ասելն ավելի հեշտ է, քան անելը","легче сказать, чем сделать","idiom","A2","Quitting sugar is easier said than done."
"feel under the weather","վատ զգալ","чувствовать себя неважно","idiom","A2","I feel under the weather this morning."
"get a taste of your own medicine","քո նույն մեթոդով պատասխան ստանալ","отведать собственного лекарства","idiom","C1","He got a taste of his own medicine."
"give someone the cold shoulder","անտեսել մեկին","встретить холодно","idiom","B2","She gave him the cold shoulder."
"go down in flames","ձախողվել աղմկով","сгореть с треском","idiom","C1","The project went down in flames."
"hang in there","դիմանալ, չհանձնվել","держись","idiom","A2","Hang in there. Exams end soon."
"have a sweet tooth","քաղցրասեր լինել","быть сладкоежкой","idiom","A2","I have a sweet tooth."
"in the same boat","նույն վիճակում","в одной лодке","idiom","B1","We are all in the same boat."
"keep your chin up","չհուսահատվել","не вешай нос","idiom","B1","Keep your chin up. You did well."
"let sleeping dogs lie","անցածը չխառնել","не буди лихо","idiom","B2","Let sleeping dogs lie."
"make a long story short","կարճ ասած","короче говоря","idiom","A2","To make a long story short, we won."
"on thin ice","վտանգավոր վիճակում","на тонком льду","idiom","B2","You are on thin ice with that joke."
"out of sight out of mind","աչքից հեռու՝ մտքից հեռու","с глаз долой — из сердца вон","idiom","B1","Out of sight, out of mind."
"put all your eggs in one basket","ամեն ինչ մեկ տարբերակի վրա դնել","класть все яйца в одну корзину","idiom","B2","Do not put all your eggs in one basket."
"ring a bell","ծանոթ թվալ","напоминать что-то","idiom","B1","That name rings a bell."
"sit on the fence","չկողմնորոշվել","сидеть между двух стульев","idiom","B2","Stop sitting on the fence and decide."
"take with a grain of salt","կասկածով ընդունել","воспринимать скептически","idiom","C1","Take his advice with a grain of salt."
"the elephant in the room","ակնհայտ, բայց չքննարկվող խնդիր","слона в комнате не замечают","idiom","B2","Money is the elephant in the room."
"time flies","ժամանակը արագ է անցնում","время летит","idiom","A2","Time flies when you are learning."
"turn a blind eye","ձևացնել, թե չես տեսնում","смотреть сквозь пальцы","idiom","B2","The guard turned a blind eye."
"water under the bridge","անցած-գնացած","дело прошлое","idiom","B2","That argument is water under the bridge."
"zip your lip","լռել","заткнись, молчи","idiom","B1","Zip your lip about the surprise."
"give up","հանձնվել, թողնել","сдаваться, бросать","phrasal_verb","A2","Do not give up learning English."
"look after","խնամել, հոգալ","присматривать, заботиться","phrasal_verb","A2","She looks after her little brother."
"look for","փնտրել","искать","phrasal_verb","A1","I am looking for my keys."
"look up","բառարանում նայել","искать в словаре","phrasal_verb","A2","Look up new words in the dictionary."
"look forward to","անհամբեր սպասել","ждать с нетерпением","phrasal_verb","A2","I look forward to the weekend."
"put off","հետաձգել","откладывать","phrasal_verb","B1","Do not put off your homework."
"put on","հագնել, միացնել","надевать, включать","phrasal_verb","A1","Put on your coat. It is cold."
"take off","հանել, թռիչք կատարել","снимать, взлетать","phrasal_verb","A2","The plane takes off at six."
"turn on","միացնել","включать","phrasal_verb","A1","Turn on the light, please."
"turn off","անջատել","выключать","phrasal_verb","A1","Turn off your phone in class."
"get up","վեր կենալ","вставать","phrasal_verb","A1","I get up at seven."
"wake up","արթնանալ","просыпаться","phrasal_verb","A1","I wake up early on weekdays."
"go on","շարունակել","продолжать","phrasal_verb","A2","Please go on with your story."
"come in","մտնել","входить","phrasal_verb","A1","Come in and sit down."
"find out","պարզել","узнать, выяснить","phrasal_verb","A2","I found out the truth yesterday."
"work out","մարզվել, լուծել","тренироваться, решать","phrasal_verb","A2","She works out three times a week."
"fill in","լրացնել","заполнять","phrasal_verb","A2","Fill in this form."
"grow up","մեծանալ","взрослеть","phrasal_verb","A1","I grew up in Yerevan."
"hang out","ժամանակ անցկացնել","тусоваться","phrasal_verb","A2","We hang out at the park."
"pick up","վերցնել, սովորել պատահաբար","поднять, подхватить","phrasal_verb","A2","I picked up some Armenian in Vanadzor."
"set up","ստեղծել, կարգավորել","настроить, основать","phrasal_verb","B1","They set up a small company."
"show up","հայտնվել, գալ","появиться","phrasal_verb","A2","He showed up late."
"take after","նման լինել (ընտանիքում)","быть похожим","phrasal_verb","B1","She takes after her mother."
"run out of","սպառվել","закончиться","phrasal_verb","A2","We ran out of milk."
"get along with","լավ հարաբերություն ունենալ","ладить","phrasal_verb","B1","I get along with my classmates."
"break down","փչանալ, քանդվել","ломаться","phrasal_verb","B1","The bus broke down."
"break up","բաժանվել","расставаться","phrasal_verb","B1","They broke up last year."
"bring up","մեծացնել, թեմա բարձրացնել","воспитывать, поднимать тему","phrasal_verb","B1","She brought up an interesting point."
"call off","չեղարկել","отменять","phrasal_verb","B1","They called off the meeting."
"carry on","շարունակել","продолжать","phrasal_verb","A2","Carry on with the exercise."
"carry out","իրականացնել","выполнять","phrasal_verb","B1","Scientists carried out a study."
"catch up","հասնել, լրացնել բացը","наверстать","phrasal_verb","B1","I need to catch up on sleep."
"check in","գրանցվել","регистрироваться","phrasal_verb","A2","We checked in at the hotel."
"check out","դուրս գրվել, ստուգել","выезжать, проверять","phrasal_verb","A2","Check out this new word."
"come across","պատահաբար հանդիպել","наткнуться","phrasal_verb","B1","I came across an old photo."
"come up with","միտք հղանալ","придумать","phrasal_verb","B1","She came up with a better plan."
"cut down on","նվազեցնել","сокращать","phrasal_verb","B1","I am cutting down on sugar."
"drop off","թողնել, քնել","высадить, задремать","phrasal_verb","B1","Can you drop me off at school?"
"drop out","կիսատ թողնել ուսումը","бросить учёбу","phrasal_verb","B1","He dropped out of university."
"end up","վերջում հայտնվել","в итоге оказаться","phrasal_verb","B1","We ended up at a café."
"figure out","հասկանալ, լուծել","разобраться","phrasal_verb","B1","I cannot figure out this grammar."
"get over","հաղթահարել","пережить, преодолеть","phrasal_verb","B1","It took time to get over the flu."
"give away","նվիրել, գաղտնիք բացել","раздавать, выдавать","phrasal_verb","B1","They gave away old books."
"go through","ապրել, անցնել","переживать, просматривать","phrasal_verb","B1","She went through a hard year."
"hold on","սպասել, բռնել","подожди, держись","phrasal_verb","A2","Hold on a second."
"keep up with","հետևել տեմպին","успевать за","phrasal_verb","B1","It is hard to keep up with native speakers."
"let down","հիասթափեցնել","подводить","phrasal_verb","B1","I will not let you down."
"make up","հաշտվել, հորինել","мириться, выдумывать","phrasal_verb","B1","They made up after the fight."
"pass away","մահանալ (քաղաքավարի)","скончаться","phrasal_verb","B1","Her grandfather passed away."
"point out","նշել, ցույց տալ","указывать","phrasal_verb","B1","He pointed out my mistake kindly."
"put up with","հանդուրժել","терпеть","phrasal_verb","B2","I cannot put up with that noise."
"run into","պատահաբար հանդիպել","случайно встретить","phrasal_verb","B1","I ran into my teacher downtown."
"sort out","կարգավորել","уладить, разобрать","phrasal_verb","B1","We need to sort out this problem."
"take up","սկսել զբաղվել","взяться за","phrasal_verb","B1","She took up the piano."
"turn down","մերժել, ցածրացնել","отклонять, убавлять","phrasal_verb","B1","They turned down my offer."
"turn out","պարզվել","оказаться","phrasal_verb","B1","It turned out to be true."
"watch out","զգույշ լինել","осторожно","phrasal_verb","A2","Watch out for the car!"
"write down","գրի առնել","записывать","phrasal_verb","A1","Write down every new word."
"make a decision","որոշում կայացնել","принять решение","collocation","A2","I need to make a decision today."
"make a mistake","սխալվել","совершить ошибку","collocation","A1","Everyone makes mistakes."
"take a break","դադար վերցնել","сделать перерыв","collocation","A1","Let’s take a break."
"take notes","նշումներ անել","конспектировать","collocation","A2","Take notes during the lesson."
"do homework","տնային աշխատանք անել","делать домашнее задание","collocation","A1","I do homework after dinner."
"have a conversation","զրուցել","вести разговор","collocation","A2","We had a long conversation."
"pay attention","ուշադրություն դարձնել","обращать внимание","collocation","A2","Pay attention to pronunciation."
"keep in mind","հիշել, նկատի ունենալ","иметь в виду","collocation","B1","Keep in mind the word stress."
"catch a cold","մրսել","простудиться","collocation","A2","I caught a cold last week."
"heavy rain","հորդառատ անձրև","сильный дождь","collocation","A2","There was heavy rain all night."
"strong coffee","ուժեղ սուրճ","крепкий кофе","collocation","A2","I like strong coffee in the morning."
"fast food","արագ սնունդ","быстрое питание","collocation","A1","Fast food is not healthy every day."
"save time","ժամանակ խնայել","экономить время","collocation","A2","Online lessons can save time."
"spend time","ժամանակ անցկացնել","проводить время","collocation","A1","I spend time with my family."
"tell the truth","ճշմարտություն ասել","говорить правду","collocation","A2","Please tell the truth."
"keep a promise","խոստումը պահել","сдержать обещание","collocation","B1","He always keeps a promise."
"break a promise","խոստումը խախտել","нарушить обещание","collocation","B1","Do not break a promise."
"have an idea","միտք ունենալ","иметь идею","collocation","A1","I have an idea for the project."
"get a job","աշխատանք գտնել","получить работу","collocation","A2","She got a job in Yerevan."
"lose weight","նիհարել","худеть","collocation","A2","He wants to lose weight."
"ask around","շուրջը հարցնել","расспрашивать","phrasal_verb","B1","Ask around if anyone saw your bag."
"back up","պահուստավորել, աջակցել","делать копию, поддерживать","phrasal_verb","B1","Back up your files."
"blow up","պայթել, բարկանալ","взрываться","phrasal_verb","B1","The balloon blew up."
"break in","ներխուժել","вламываться","phrasal_verb","B2","Someone broke in last night."
"break out","սկսվել (պատերազմ, հրդեհ)","вспыхнуть","phrasal_verb","B2","A fire broke out in the kitchen."
"bring about","առաջացնել","вызывать","phrasal_verb","C1","The law brought about change."
"bring back","ետ բերել","возвращать","phrasal_verb","A2","This song brings back memories."
"bump into","պատահաբար հանդիպել","наткнуться на","phrasal_verb","B1","I bumped into an old friend."
"calm down","հանգստանալ","успокоиться","phrasal_verb","A2","Calm down and breathe."
"cheer up","ուրախացնել, ուրախանալ","взбодриться","phrasal_verb","A2","Cheer up! We can still win."
"clean up","մաքրել","убирать","phrasal_verb","A1","Clean up your desk."
"close down","փակվել (բիզնես)","закрываться","phrasal_verb","B1","The shop closed down."
"come back","վերադառնալ","возвращаться","phrasal_verb","A1","Come back soon."
"come from","ծագել, գալ","происходить из","phrasal_verb","A1","I come from Gyumri."
"count on","հույս դնել","рассчитывать на","phrasal_verb","B1","You can count on me."
"cut off","կտրել, անջատել","отрезать, отключать","phrasal_verb","B1","They cut off the electricity."
"deal with","զբաղվել, կարգավորել","иметь дело с","phrasal_verb","A2","How do you deal with stress?"
"do over","կրկին անել","переделать","phrasal_verb","B1","Please do the exercise over."
"dress up","տոնական հագնվել","наряжаться","phrasal_verb","A2","We dressed up for the wedding."
"eat out","դրսում ուտել","есть вне дома","phrasal_verb","A2","Shall we eat out tonight?"
"fall apart","քանդվել","разваливаться","phrasal_verb","B1","The old chair fell apart."
"fall behind","հետ մնալ","отставать","phrasal_verb","B1","Do not fall behind in class."
"fall for","սիրահարվել, խաբվել","влюбляться, попасться","phrasal_verb","B2","I fell for that trick."
"fall out","վիճել","ссориться","phrasal_verb","B1","They fell out over money."
"fill up","լցնել մինչև վերջ","наполнять","phrasal_verb","A2","Fill up the bottle."
"get away","փախչել, հանգստանալ","смыться, уехать","phrasal_verb","B1","We got away for the weekend."
"get back","վերադառնալ","возвращаться","phrasal_verb","A1","When did you get back?"
"get by","ծայրը ծայրին հասցնել","справляться, перебиваться","phrasal_verb","B1","I can get by in English."
"get in","մտնել","входить, садиться","phrasal_verb","A1","Get in the car."
"get on","բարձրանալ (ավտոբուս)","садиться на","phrasal_verb","A1","Get on the bus at the next stop."
"get out","դուրս գալ","выходить","phrasal_verb","A1","Get out of the way!"
"get together","հավաքվել","собираться","phrasal_verb","A2","Let’s get together on Friday."
"give back","ետ տալ","возвращать","phrasal_verb","A1","Give the book back, please."
"give in","զիջել","уступать","phrasal_verb","B1","She finally gave in."
"go away","հեռանալ","уходить","phrasal_verb","A1","The pain went away."
"go back","ետ գնալ","возвращаться","phrasal_verb","A1","Go back to page ten."
"go out","դուրս գալ ժամանցի","выходить","phrasal_verb","A1","We go out on Saturdays."
"go over","վերանայել","повторять, проверять","phrasal_verb","B1","Let’s go over the answers."
"hand in","հանձնել","сдавать","phrasal_verb","A2","Hand in your homework."
"hand out","բաժանել","раздавать","phrasal_verb","A2","The teacher handed out papers."
"hang up","հեռախոսը դնել","класть трубку","phrasal_verb","A2","She hung up on me."
"hold back","զսպել","сдерживать","phrasal_verb","B2","He held back his tears."
"keep on","շարունակել","продолжать","phrasal_verb","A2","Keep on practising."
"leave out","բաց թողնել","пропускать, не включать","phrasal_verb","B1","Do not leave out silent letters."
"look into","ուսումնասիրել","расследовать","phrasal_verb","B1","The school will look into it."
"look out","զգույշ","осторожно","phrasal_verb","A2","Look out! Ice on the road."
"make out","տարբերել, հասկանալ","разглядеть, понять","phrasal_verb","B2","I cannot make out his writing."
"move in","տեղափոխվել ներս","вселяться","phrasal_verb","A2","They moved in last week."
"move out","տեղափոխվել դուրս","съезжать","phrasal_verb","A2","He moved out of the dorm."
"pass out","ուրանալ, ուշագնաց լինել","терять сознание","phrasal_verb","B1","She passed out from the heat."
"pay back","պարտքը վերադարձնել","отдавать долг","phrasal_verb","A2","I will pay you back tomorrow."
"pay off","արդյունք տալ, մարել","окупиться, погасить","phrasal_verb","B1","All that practice paid off."
"put away","հավաքել տեղը","убирать на место","phrasal_verb","A2","Put your books away."
"put down","դնել, գրի առնել, նվաստացնել","класть, записывать","phrasal_verb","B1","Put down your bags."
"put out","հանգցնել","тушить","phrasal_verb","A2","Put out the candle."
"set off","մեկնել","отправляться","phrasal_verb","B1","We set off at dawn."
"settle down","կայունանալ, հանգստանալ","остепениться","phrasal_verb","B1","He wants to settle down."
"show off","պարծենալ","хвастаться","phrasal_verb","B1","Stop showing off."
"shut up","լռել (կոպիտ)","заткнуться","phrasal_verb","B1","Please do not tell anyone to shut up."
"slow down","դանդաղեցնել","сбавлять скорость","phrasal_verb","A2","Slow down near the school."
"stand up","կանգնել","вставать","phrasal_verb","A1","Stand up, please."
"stay up","ուշ քնել","не ложиться спать","phrasal_verb","A2","I stayed up until midnight."
"switch off","անջատել","выключать","phrasal_verb","A1","Switch off the TV."
"switch on","միացնել","включать","phrasal_verb","A1","Switch on the kettle."
"take out","դուրս հանել, հանել","вынимать, брать с собой","phrasal_verb","A2","Take out a pen."
"think over","խորհել","обдумать","phrasal_verb","B1","Think it over and reply tomorrow."
"throw away","դեն նետել","выбрасывать","phrasal_verb","A2","Do not throw away useful notes."
"try on","փորձել (հագուստ)","примерять","phrasal_verb","A2","Can I try this jacket on?"
"try out","փորձարկել","испытывать","phrasal_verb","B1","Try out the new method."
"turn around","շրջվել","поворачиваться","phrasal_verb","A2","Turn around and look."
"turn over","շրջել","переворачивать","phrasal_verb","A2","Turn over the page."
"use up","սպառել","израсходовать","phrasal_verb","B1","We used up all the paper."
"wear out","մաշվել, հոգնել","изнашиваться","phrasal_verb","B1","These shoes are worn out."
"work on","աշխատել ինչ-որ բանի վրա","работать над","phrasal_verb","A2","I am working on my accent."
"a fish out of water","անհարմար միջավայրում","не в своей тарелке","idiom","B2","I felt like a fish out of water."
"a picture is worth a thousand words","նկարն ավելի շատ է ասում, քան խոսքը","лучше один раз увидеть","idiom","B1","A picture is worth a thousand words."
"all ears","ամբողջ ուշադրությամբ լսել","весь во внимании","idiom","B1","Tell me. I am all ears."
"apple of my eye","ամենասիրելին","свет очей моих","idiom","B2","Her daughter is the apple of her eye."
"at the drop of a hat","անմիջապես, առանց վարանելու","в любую минуту","idiom","C1","He leaves at the drop of a hat."
"barking up the wrong tree","սխալ ուղղությամբ գնալ","обращаться не по адресу","idiom","C1","You are barking up the wrong tree."
"bend over backwards","ամեն ինչ անել մեկի համար","из кожи вон лезть","idiom","C1","They bent over backwards to help."
"bite your tongue","լռել, չասել","прикусить язык","idiom","B2","I had to bite my tongue."
"burn bridges","կապերը խզել","сжигать мосты","idiom","B2","Do not burn bridges at work."
"bury the hatchet","հաշտվել","зарыть топор войны","idiom","C1","They finally buried the hatchet."
"by heart","անգիր","наизусть","idiom","A2","Learn these phrases by heart."
"call the shots","որոշումները կայացնել","заправлять","idiom","C1","Who calls the shots here?"
"can of worms","բարդ, տհաճ խնդիր","ящик Пандоры","idiom","C1","That topic is a can of worms."
"cold feet","վախ, վարանում վերջին պահին","струсить","idiom","B2","He got cold feet before the talk."
"cool as a cucumber","շատ հանգիստ","хладнокровный","idiom","B2","She was cool as a cucumber."
"curiosity killed the cat","հետաքրքրությունը վտանգավոր է","любопытной Варваре нос оторвали","idiom","B1","Do not snoop. Curiosity killed the cat."
"cut someone some slack","մեկին ներել, թուլություն տալ","не быть слишком строгим","idiom","B2","Cut him some slack. He is new."
"devil’s advocate","հակառակ կարծիք ներկայացնող","адвокат дьявола","idiom","C1","Let me play devil’s advocate."
"don’t judge a book by its cover","մի դատիր արտաքինով","не суди по обложке","idiom","A2","Don’t judge a book by its cover."
"down to earth","իրատես, համեստ","приземлённый","idiom","B1","She is smart and down to earth."
"draw the line","սահման դնել","поставить точку","idiom","B2","I draw the line at lying."
"face the music","պատասխան տալ","отвечать за содеянное","idiom","B2","He has to face the music now."
"fair and square","ազնիվ, արդար","честно и открыто","idiom","B1","She won fair and square."
"fit as a fiddle","շատ առողջ","здоров как бык","idiom","B2","Grandpa is fit as a fiddle."
"get cold feet","վերջին պահին վախենալ","струсить","idiom","B2","She got cold feet before the exam."
"get the ball rolling","սկսել գործը","дать ход делу","idiom","B1","Let’s get the ball rolling."
"give it a shot","փորձել","попробовать","idiom","A2","Give speaking a shot."
"go with the flow","հոսքին տալ","плыть по течению","idiom","B1","Sometimes you should go with the flow."
"hit the road","մեկնել","отправляться в путь","idiom","A2","We should hit the road before traffic."
"hold your horses","սպասիր, մի շտապիր","погоди, не гони","idiom","B1","Hold your horses. Read it again."
"in over your head","չափից դժվար գործ","не по зубам","idiom","B2","He is in over his head with this course."
"it takes two to tango","երկուսն էլ պատասխանատու են","танцуют двое","idiom","B2","It takes two to tango in an argument."
"jump the gun","շտապել","опережать события","idiom","B2","Do not jump the gun with the answer."
"keep your word","խոսքը պահել","держать слово","idiom","B1","A good friend keeps their word."
"last but not least","վերջինը, բայց ոչ պակաս կարևոր","последнее по списку, но не по важности","idiom","B1","Last but not least, review vocabulary."
"let off steam","լարվածությունը թափել","выпускать пар","idiom","B2","Sport helps me let off steam."
"like two peas in a pod","շատ նման","как две капли воды","idiom","B1","The twins are like two peas in a pod."
"make hay while the sun shines","օգտվել հնարավորությունից","куй железо, пока горячо","idiom","C1","Make hay while the sun shines."
"no hard feelings","ոչ մի չարություն","без обид","idiom","B1","You got the job. No hard feelings."
"off the top of my head","առանց ստուգելու, անմիջապես","сходу","idiom","B2","Off the top of my head, maybe 20 words."
"on the ball","ուշադիր, արագ կողմնորոշվող","на чеку","idiom","B2","Our teacher is always on the ball."
"out of the question","բացառված","не может быть и речи","idiom","B1","Cheating is out of the question."
"over the moon","շատ ուրախ","на седьмом небе","idiom","B1","They were over the moon."
"play with fire","վտանգով խաղալ","играть с огнём","idiom","B1","Skipping class is playing with fire."
"pull yourself together","կառավարել քեզ","взять себя в руки","idiom","B1","Pull yourself together and try again."
"put your foot down","խիստ որոշում կայացնել","настоять","idiom","B2","Dad put his foot down about bedtime."
"rain on someone’s parade","ուրախությունը փչացնել","портить праздник","idiom","C1","I hate to rain on your parade, but…"
"second nature","սովորություն դարձած","вторая натура","idiom","B2","Reading in English became second nature."
"see the light","վերջապես հասկանալ","прозреть","idiom","B2","After the example, I saw the light."
"skeleton in the closet","ընտանեկան գաղտնիք","скелет в шкафу","idiom","C1","Every family has a skeleton in the closet."
"sleep on it","գիշերը մտածել","переспать с мыслью","idiom","B1","Sleep on it and decide tomorrow."
"so far so good","մինչ այժմ լավ է","пока всё хорошо","idiom","A2","So far so good with this course."
"steal the show","ամբողջ ուշադրությունը գրավել","затмить всех","idiom","B2","The kid stole the show."
"straight from the horse’s mouth","առաջին աղբյուրից","из первых уст","idiom","C1","I heard it straight from the horse’s mouth."
"take a rain check","հետաձգել հրավերը","перенести на потом","idiom","B2","Can I take a rain check on dinner?"
"the early bird catches the worm","վաղ արթնացողը հաջողում է","кто рано встаёт, тому Бог подаёт","idiom","B1","The early bird catches the worm."
"the whole nine yards","ամբողջովին, մինչև վերջ","по полной программе","idiom","C1","He explained the whole nine yards."
"through the grapevine","լուրերով","по сарафанному радио","idiom","B2","I heard it through the grapevine."
"twist someone’s arm","ստիպել","выкручивать руки","idiom","B2","I did not want to go, but they twisted my arm."
"under the table","թաքուն, կաշառքով","из-под полы","idiom","C1","They paid him under the table."
"up to speed","ընթացիկ վիճակին տեղյակ","в курсе","idiom","B2","Let me get you up to speed."
"walking on air","շատ երջանիկ","летать от счастья","idiom","B2","She was walking on air after the result."
"when it rains it pours","դժբախտությունները իրար են գալիս","пришла беда — отворяй ворота","idiom","B2","I lost my bus and my keys. When it rains, it pours."
"you bet","անշուշտ","ещё бы","idiom","A2","Want coffee? You bet."
"have breakfast","նախաճաշել","завтракать","collocation","A1","I have breakfast at eight."
"have lunch","ճաշել","обедать","collocation","A1","We have lunch at school."
"have dinner","ընթրել","ужинать","collocation","A1","They have dinner together."
"make the bed","մահճակալը հավաքել","заправлять постель","collocation","A1","Please make the bed."
"do the dishes","ամանները լվանալ","мыть посуду","collocation","A1","I do the dishes after dinner."
"take a shower","ցնցուղ ընդունել","принимать душ","collocation","A1","I take a shower in the morning."
"take a photo","լուսանկարել","фотографировать","collocation","A1","Can you take a photo of us?"
"give a presentation","ներկայացում անել","делать презентацию","collocation","B1","She gave a presentation on Armenia."
"make progress","առաջընթաց ունենալ","делать успехи","collocation","A2","You are making real progress."
"take part in","մասնակցել","принимать участие","collocation","A2","Take part in the speaking club."
"keep fit","առողջ մնալ, մարզվել","поддерживать форму","collocation","A2","I run to keep fit."
"catch a bus","ավտոբուսին հասնել","успеть на автобус","collocation","A2","Hurry or we will not catch the bus."
"miss the bus","ավտոբուսից ուշանալ","опоздать на автобус","collocation","A1","I missed the bus."
"tell a joke","կատակ պատմել","рассказать шутку","collocation","A2","He told a joke in English."
"tell a story","պատմություն պատմել","рассказать историю","collocation","A1","Grandma told a story."
"keep a diary","օրագիր պահել","вести дневник","collocation","A2","Keep a diary in English."
"make friends","ընկերանալ","заводить друзей","collocation","A1","It is easy to make friends here."
"do business","բիզնես անել","вести дела","collocation","B1","They do business with Europe."
"have fun","զվարճանալ","веселиться","collocation","A1","Have fun at the party!"
"take care","զգույշ լինել, հոգալ","береги себя","collocation","A1","Take care on the way home."
"give advice","խորհուրդ տալ","давать совет","collocation","A2","Can you give me some advice?"
"take advice","խորհուրդ ընդունել","прислушиваться к совету","collocation","B1","You should take her advice."
"make an effort","ջանք գործադրել","приложить усилие","collocation","B1","Make an effort to speak every day."
"do a favour","ծառայություն մատուցել","оказать услугу","collocation","B1","Could you do me a favour?"
"have a look","նայել","взглянуть","collocation","A1","Have a look at this sentence."
"keep quiet","լռել","молчать","collocation","A2","Keep quiet during the test."
"take place","տեղի ունենալ","происходить","collocation","B1","The concert takes place on Friday."
"make sense","տրամաբանական լինել","иметь смысл","collocation","A2","This explanation makes sense."
"lose your temper","բարկանալ","выйти из себя","collocation","B1","Try not to lose your temper."
"keep calm","հանգիստ մնալ","сохранять спокойствие","collocation","A2","Keep calm and read the question again."
"heavy traffic","խիտ երթևեկություն","сильные пробки","collocation","A2","There is heavy traffic in the morning."
"high salary","բարձր աշխատավարձ","высокая зарплата","collocation","B1","The job has a high salary."
"deep sleep","խոր քուն","крепкий сон","collocation","A2","I fell into a deep sleep."
"bright future","պայծառ ապագա","светлое будущее","collocation","B1","She has a bright future in languages."
"close friend","մտերիմ ընկեր","близкий друг","collocation","A2","Anna is my close friend."
"strong accent","ուժեղ առոգանություն","сильный акцент","collocation","B1","He speaks with a strong accent."
"wide range","լայն ընտրանի","широкий диапазон","collocation","B1","The app has a wide range of words."
"great deal","մեծ քանակ, լավ գործարք","множество, выгодная сделка","collocation","B1","We learned a great deal today."
"common sense","առողջ բանականություն","здравый смысл","collocation","B1","Use common sense in the exam."
"hard work","ծանր աշխատանք","тяжёлый труд","collocation","A2","Success needs hard work."
"as soon as possible","հնարավորինս շուտ","как можно скорее","collocation","A2","Send it as soon as possible."
"by the way","ի դեպ","кстати","collocation","A2","By the way, how is your English?"
"in fact","իրականում","на самом деле","collocation","A2","In fact, I already knew that word."
"at least","գոնե","по крайней мере","collocation","A2","Learn at least ten words a day."
"at most","առավելագույնը","самое большее","collocation","B1","It will take two hours at most."
"for example","օրինակ","например","collocation","A1","Use new words, for example in a diary."
"in other words","այլ կերպ ասած","другими словами","collocation","B1","In other words, keep practising."
"on the other hand","մյուս կողմից","с другой стороны","collocation","B1","It is hard. On the other hand, it is useful."
"as a result","արդյունքում","в результате","collocation","B1","As a result, her level went up."
"in order to","որպեսզի","для того чтобы","collocation","B1","I study in order to travel."
"used to","նախկինում սովորություն","раньше обычно","collocation","A2","I used to be afraid of speaking."
"be supposed to","պետք է, ենթադրվում է","предполагается","collocation","B1","You are supposed to mark known words."
"would rather","նախընտրել","предпочитал бы","collocation","B1","I would rather practise speaking."
"had better","ավելի լավ կլինի","лучше бы","collocation","B1","You had better review A1 first."
"not at all","բոլորովին ոչ","нисколько","collocation","A2","Was it difficult? Not at all."
"of course","անշուշտ","конечно","collocation","A1","Of course you can ask questions."
"as usual","սովորության պես","как обычно","collocation","A2","He was late as usual."
"sooner or later","վաղ թե ուշ"," рано или поздно","idiom","A2","Sooner or later you will need this word."
"now and then","երբեմն","время от времени","idiom","B1","I watch films in English now and then."
"little by little","քիչ-քիչ","мало-помалу","idiom","A2","Little by little, grammar becomes clear."
"as far as I know","ինչպես գիտեմ","насколько я знаю","collocation","B1","As far as I know, this word is A2."
"as far as I am concerned","ինձ համար","что касается меня","collocation","B2","As far as I am concerned, daily practice wins."
"to tell you the truth","ճշմարտությունն ասած","по правде говоря","collocation","B1","To tell you the truth, I forgot the word."
"to be honest","անկեղծ ասած","честно говоря","collocation","A2","To be honest, phrasal verbs are hard."
"in my opinion","իմ կարծիքով","по моему мнению","collocation","A2","In my opinion, marking words helps memory."
"from my point of view","իմ տեսանկյունից","с моей точки зрения","collocation","B1","From my point of view, A1 should come first."
"on purpose","միտումնավոր","нарочно","collocation","A2","I did not do it on purpose."
"by accident","պատահաբար","случайно","collocation","A2","I deleted the note by accident."
"in a hurry","շտապելով","в спешке","collocation","A2","I left in a hurry."
"in advance","նախօրոք","заранее","collocation","B1","Book the exam in advance."
"at once","անմիջապես","сразу","collocation","B1","Come here at once."
"at times","երբեմն","временами","collocation","B1","At times English spelling is strange."
"for good","մշտապես","навсегда","idiom","B2","She moved to Yerevan for good."
"for sure","անշուշտ","наверняка","collocation","A2","I will come for sure."
"in public","հրապարակավ","на людях","collocation","B1","Speaking in public takes practice."
"in private","անձամբ, առանձին","наедине","collocation","B1","Let’s talk in private."
"on time","ժամանակին","вовремя","collocation","A1","Please arrive on time."
"in time","հասցնել ժամանակին","успеть вовремя","collocation","A2","We got there in time."
"out of date","հնացած","устаревший","collocation","B1","This textbook is out of date."
"up to date","արդիական","актуальный","collocation","B1","Keep your notes up to date."
"ask about","հարցնել (about)","спрашивать (about)","phrasal_verb","B1","Learners should notice how ""ask about"" changes meaning in context."
"ask across","հարցնել (across)","спрашивать (across)","phrasal_verb","B1","Learners should notice how ""ask across"" changes meaning in context."
"ask after","հարցնել (after)","спрашивать (after)","phrasal_verb","B1","Learners should notice how ""ask after"" changes meaning in context."
"ask along","հարցնել (along)","спрашивать (along)","phrasal_verb","B1","Learners should notice how ""ask along"" changes meaning in context."
"ask apart","հարցնել (apart)","спрашивать (apart)","phrasal_verb","B1","Learners should notice how ""ask apart"" changes meaning in context."
"ask aside","հարցնել (aside)","спрашивать (aside)","phrasal_verb","B1","Learners should notice how ""ask aside"" changes meaning in context."
"ask away","հարցնել (հեռու, դեն նետել)","спрашивать (прочь)","phrasal_verb","B1","Learners should notice how ""ask away"" changes meaning in context."
"ask back","հարցնել (ետ, պատասխանել)","спрашивать (назад)","phrasal_verb","B1","Learners should notice how ""ask back"" changes meaning in context."
"ask by","հարցնել (by)","спрашивать (by)","phrasal_verb","B1","Learners should notice how ""ask by"" changes meaning in context."
"ask down","հարցնել (ներքև, գրի առնել)","спрашивать (вниз, записать)","phrasal_verb","B1","Learners should notice how ""ask down"" changes meaning in context."
"ask for","հարցնել (for)","спрашивать (for)","phrasal_verb","B1","Learners should notice how ""ask for"" changes meaning in context."
"ask forward","հարցնել (forward)","спрашивать (forward)","phrasal_verb","B1","Learners should notice how ""ask forward"" changes meaning in context."
"ask in","հարցնել (ներս, հանձնել)","спрашивать (внутрь)","phrasal_verb","B1","Learners should notice how ""ask in"" changes meaning in context."
"ask off","հարցնել (անց, անջատել)","спрашивать (прочь, отключить)","phrasal_verb","B1","Learners should notice how ""ask off"" changes meaning in context."
"ask on","հարցնել (շարունակ, միացնել)","спрашивать (дальше, включить)","phrasal_verb","B1","Learners should notice how ""ask on"" changes meaning in context."
"ask out","հարցնել (դուրս, ամբողջությամբ)","спрашивать (наружу, полностью)","phrasal_verb","B1","Learners should notice how ""ask out"" changes meaning in context."
"ask over","հարցնել (վրայով, վերանայել)","спрашивать (через, заново)","phrasal_verb","B1","Learners should notice how ""ask over"" changes meaning in context."
"ask through","հարցնել (մինչև վերջ)","спрашивать (насквозь)","phrasal_verb","B1","Learners should notice how ""ask through"" changes meaning in context."
"ask together","հարցնել (together)","спрашивать (together)","phrasal_verb","B1","Learners should notice how ""ask together"" changes meaning in context."
"ask under","հարցնել (under)","спрашивать (under)","phrasal_verb","B1","Learners should notice how ""ask under"" changes meaning in context."
"ask up","հարցնել (վեր, ավարտել, ավելացնել)","спрашивать (вверх, завершить)","phrasal_verb","B1","Learners should notice how ""ask up"" changes meaning in context."
"blow about","փչել (about)","дуть (about)","phrasal_verb","B1","Learners should notice how ""blow about"" changes meaning in context."
"blow across","փչել (across)","дуть (across)","phrasal_verb","B1","Learners should notice how ""blow across"" changes meaning in context."
"blow after","փչել (after)","дуть (after)","phrasal_verb","B1","Learners should notice how ""blow after"" changes meaning in context."
"blow along","փչել (along)","дуть (along)","phrasal_verb","B1","Learners should notice how ""blow along"" changes meaning in context."
"blow apart","փչել (apart)","дуть (apart)","phrasal_verb","B1","Learners should notice how ""blow apart"" changes meaning in context."
"blow around","փչել (around)","дуть (around)","phrasal_verb","B1","Learners should notice how ""blow around"" changes meaning in context."
"blow aside","փչել (aside)","дуть (aside)","phrasal_verb","B1","Learners should notice how ""blow aside"" changes meaning in context."
"blow away","փչել (հեռու, դեն նետել)","дуть (прочь)","phrasal_verb","B1","Learners should notice how ""blow away"" changes meaning in context."
"blow back","փչել (ետ, պատասխանել)","дуть (назад)","phrasal_verb","B1","Learners should notice how ""blow back"" changes meaning in context."
"blow by","փչել (by)","дуть (by)","phrasal_verb","B1","Learners should notice how ""blow by"" changes meaning in context."
"blow down","փչել (ներքև, գրի առնել)","дуть (вниз, записать)","phrasal_verb","B1","Learners should notice how ""blow down"" changes meaning in context."
"blow for","փչել (for)","дуть (for)","phrasal_verb","B1","Learners should notice how ""blow for"" changes meaning in context."
"blow forward","փչել (forward)","дуть (forward)","phrasal_verb","B1","Learners should notice how ""blow forward"" changes meaning in context."
"blow in","փչել (ներս, հանձնել)","дуть (внутрь)","phrasal_verb","B1","Learners should notice how ""blow in"" changes meaning in context."
"blow off","փչել (անց, անջատել)","дуть (прочь, отключить)","phrasal_verb","B1","Learners should notice how ""blow off"" changes meaning in context."
"blow on","փչել (շարունակ, միացնել)","дуть (дальше, включить)","phrasal_verb","B1","Learners should notice how ""blow on"" changes meaning in context."
"blow out","փչել (դուրս, ամբողջությամբ)","дуть (наружу, полностью)","phrasal_verb","B1","Learners should notice how ""blow out"" changes meaning in context."
"blow over","փչել (վրայով, վերանայել)","дуть (через, заново)","phrasal_verb","B1","Learners should notice how ""blow over"" changes meaning in context."
"blow through","փչել (մինչև վերջ)","дуть (насквозь)","phrasal_verb","B1","Learners should notice how ""blow through"" changes meaning in context."
"blow together","փչել (together)","дуть (together)","phrasal_verb","B1","Learners should notice how ""blow together"" changes meaning in context."
"blow under","փչել (under)","дуть (under)","phrasal_verb","B1","Learners should notice how ""blow under"" changes meaning in context."
"break about","կոտրել (about)","ломать (about)","phrasal_verb","B1","Learners should notice how ""break about"" changes meaning in context."
"break across","կոտրել (across)","ломать (across)","phrasal_verb","B1","Learners should notice how ""break across"" changes meaning in context."
"break after","կոտրել (after)","ломать (after)","phrasal_verb","B1","Learners should notice how ""break after"" changes meaning in context."
"break along","կոտրել (along)","ломать (along)","phrasal_verb","B1","Learners should notice how ""break along"" changes meaning in context."
"break apart","կոտրել (apart)","ломать (apart)","phrasal_verb","B1","Learners should notice how ""break apart"" changes meaning in context."
"break around","կոտրել (around)","ломать (around)","phrasal_verb","B1","Learners should notice how ""break around"" changes meaning in context."
"break aside","կոտրել (aside)","ломать (aside)","phrasal_verb","B1","Learners should notice how ""break aside"" changes meaning in context."
"break away","կոտրել (հեռու, դեն նետել)","ломать (прочь)","phrasal_verb","B1","Learners should notice how ""break away"" changes meaning in context."
"break back","կոտրել (ետ, պատասխանել)","ломать (назад)","phrasal_verb","B1","Learners should notice how ""break back"" changes meaning in context."
"break by","կոտրել (by)","ломать (by)","phrasal_verb","B1","Learners should notice how ""break by"" changes meaning in context."
"break for","կոտրել (for)","ломать (for)","phrasal_verb","B1","Learners should notice how ""break for"" changes meaning in context."
"break forward","կոտրել (forward)","ломать (forward)","phrasal_verb","B1","Learners should notice how ""break forward"" changes meaning in context."
"break off","կոտրել (անց, անջատել)","ломать (прочь, отключить)","phrasal_verb","B1","Learners should notice how ""break off"" changes meaning in context."
"break on","կոտրել (շարունակ, միացնել)","ломать (дальше, включить)","phrasal_verb","B1","Learners should notice how ""break on"" changes meaning in context."
"break over","կոտրել (վրայով, վերանայել)","ломать (через, заново)","phrasal_verb","B1","Learners should notice how ""break over"" changes meaning in context."
"break through","կոտրել (մինչև վերջ)","ломать (насквозь)","phrasal_verb","B1","Learners should notice how ""break through"" changes meaning in context."
"break together","կոտրել (together)","ломать (together)","phrasal_verb","B1","Learners should notice how ""break together"" changes meaning in context."
"break under","կոտրել (under)","ломать (under)","phrasal_verb","B1","Learners should notice how ""break under"" changes meaning in context."
"bring across","բերել (across)","приносить (across)","phrasal_verb","B1","Learners should notice how ""bring across"" changes meaning in context."
"bring after","բերել (after)","приносить (after)","phrasal_verb","B1","Learners should notice how ""bring after"" changes meaning in context."
"bring along","բերել (along)","приносить (along)","phrasal_verb","B1","Learners should notice how ""bring along"" changes meaning in context."
"bring apart","բերել (apart)","приносить (apart)","phrasal_verb","B1","Learners should notice how ""bring apart"" changes meaning in context."
"bring around","բերել (around)","приносить (around)","phrasal_verb","B1","Learners should notice how ""bring around"" changes meaning in context."
"bring aside","բերել (aside)","приносить (aside)","phrasal_verb","B1","Learners should notice how ""bring aside"" changes meaning in context."
"bring away","բերել (հեռու, դեն նետել)","приносить (прочь)","phrasal_verb","B1","Learners should notice how ""bring away"" changes meaning in context."
"bring by","բերել (by)","приносить (by)","phrasal_verb","B1","Learners should notice how ""bring by"" changes meaning in context."
"bring down","բերել (ներքև, գրի առնել)","приносить (вниз, записать)","phrasal_verb","B1","Learners should notice how ""bring down"" changes meaning in context."
"bring for","բերել (for)","приносить (for)","phrasal_verb","B1","Learners should notice how ""bring for"" changes meaning in context."
"bring forward","բերել (forward)","приносить (forward)","phrasal_verb","B1","Learners should notice how ""bring forward"" changes meaning in context."
"bring in","բերել (ներս, հանձնել)","приносить (внутрь)","phrasal_verb","B1","Learners should notice how ""bring in"" changes meaning in context."
"bring off","բերել (անց, անջատել)","приносить (прочь, отключить)","phrasal_verb","B1","Learners should notice how ""bring off"" changes meaning in context."
"bring on","բերել (շարունակ, միացնել)","приносить (дальше, включить)","phrasal_verb","B1","Learners should notice how ""bring on"" changes meaning in context."
"bring out","բերել (դուրս, ամբողջությամբ)","приносить (наружу, полностью)","phrasal_verb","B1","Learners should notice how ""bring out"" changes meaning in context."
"bring over","բերել (վրայով, վերանայել)","приносить (через, заново)","phrasal_verb","B1","Learners should notice how ""bring over"" changes meaning in context."
"bring through","բերել (մինչև վերջ)","приносить (насквозь)","phrasal_verb","B1","Learners should notice how ""bring through"" changes meaning in context."
"bring together","բերել (together)","приносить (together)","phrasal_verb","B1","Learners should notice how ""bring together"" changes meaning in context."
"bring under","բերել (under)","приносить (under)","phrasal_verb","B1","Learners should notice how ""bring under"" changes meaning in context."
"call about","զանգել (about)","звонить (about)","phrasal_verb","B1","Learners should notice how ""call about"" changes meaning in context."
"call across","զանգել (across)","звонить (across)","phrasal_verb","B1","Learners should notice how ""call across"" changes meaning in context."
"call after","զանգել (after)","звонить (after)","phrasal_verb","B1","Learners should notice how ""call after"" changes meaning in context."
"call along","զանգել (along)","звонить (along)","phrasal_verb","B1","Learners should notice how ""call along"" changes meaning in context."
"call apart","զանգել (apart)","звонить (apart)","phrasal_verb","B1","Learners should notice how ""call apart"" changes meaning in context."
"call around","զանգել (around)","звонить (around)","phrasal_verb","B1","Learners should notice how ""call around"" changes meaning in context."
"call aside","զանգել (aside)","звонить (aside)","phrasal_verb","B1","Learners should notice how ""call aside"" changes meaning in context."
"call away","զանգել (հեռու, դեն նետել)","звонить (прочь)","phrasal_verb","B1","Learners should notice how ""call away"" changes meaning in context."
"call back","զանգել (ետ, պատասխանել)","звонить (назад)","phrasal_verb","B1","Learners should notice how ""call back"" changes meaning in context."
"call by","զանգել (by)","звонить (by)","phrasal_verb","B1","Learners should notice how ""call by"" changes meaning in context."
"call down","զանգել (ներքև, գրի առնել)","звонить (вниз, записать)","phrasal_verb","B1","Learners should notice how ""call down"" changes meaning in context."
"call for","զանգել (for)","звонить (for)","phrasal_verb","B1","Learners should notice how ""call for"" changes meaning in context."
"call forward","զանգել (forward)","звонить (forward)","phrasal_verb","B1","Learners should notice how ""call forward"" changes meaning in context."
"call in","զանգել (ներս, հանձնել)","звонить (внутрь)","phrasal_verb","B1","Learners should notice how ""call in"" changes meaning in context."
"call on","զանգել (շարունակ, միացնել)","звонить (дальше, включить)","phrasal_verb","B1","Learners should notice how ""call on"" changes meaning in context."
"call out","զանգել (դուրս, ամբողջությամբ)","звонить (наружу, полностью)","phrasal_verb","B1","Learners should notice how ""call out"" changes meaning in context."
"call over","զանգել (վրայով, վերանայել)","звонить (через, заново)","phrasal_verb","B1","Learners should notice how ""call over"" changes meaning in context."
"call through","զանգել (մինչև վերջ)","звонить (насквозь)","phrasal_verb","B1","Learners should notice how ""call through"" changes meaning in context."
"call together","զանգել (together)","звонить (together)","phrasal_verb","B1","Learners should notice how ""call together"" changes meaning in context."
"call under","զանգել (under)","звонить (under)","phrasal_verb","B1","Learners should notice how ""call under"" changes meaning in context."
"call up","զանգել (վեր, ավարտել, ավելացնել)","звонить (вверх, завершить)","phrasal_verb","B1","Learners should notice how ""call up"" changes meaning in context."
"carry about","տանել (about)","нести (about)","phrasal_verb","B1","Learners should notice how ""carry about"" changes meaning in context."
"carry across","տանել (across)","нести (across)","phrasal_verb","B1","Learners should notice how ""carry across"" changes meaning in context."
"carry after","տանել (after)","нести (after)","phrasal_verb","B1","Learners should notice how ""carry after"" changes meaning in context."
"carry along","տանել (along)","нести (along)","phrasal_verb","B1","Learners should notice how ""carry along"" changes meaning in context."
"carry apart","տանել (apart)","нести (apart)","phrasal_verb","B1","Learners should notice how ""carry apart"" changes meaning in context."
"carry around","տանել (around)","нести (around)","phrasal_verb","B1","Learners should notice how ""carry around"" changes meaning in context."
"carry aside","տանել (aside)","нести (aside)","phrasal_verb","B1","Learners should notice how ""carry aside"" changes meaning in context."
"carry away","տանել (հեռու, դեն նետել)","нести (прочь)","phrasal_verb","B1","Learners should notice how ""carry away"" changes meaning in context."
"carry back","տանել (ետ, պատասխանել)","нести (назад)","phrasal_verb","B1","Learners should notice how ""carry back"" changes meaning in context."
"carry by","տանել (by)","нести (by)","phrasal_verb","B1","Learners should notice how ""carry by"" changes meaning in context."
"carry down","տանել (ներքև, գրի առնել)","нести (вниз, записать)","phrasal_verb","B1","Learners should notice how ""carry down"" changes meaning in context."
"carry for","տանել (for)","нести (for)","phrasal_verb","B1","Learners should notice how ""carry for"" changes meaning in context."
"carry forward","տանել (forward)","нести (forward)","phrasal_verb","B1","Learners should notice how ""carry forward"" changes meaning in context."
"carry in","տանել (ներս, հանձնել)","нести (внутрь)","phrasal_verb","B1","Learners should notice how ""carry in"" changes meaning in context."
"carry off","տանել (անց, անջատել)","нести (прочь, отключить)","phrasal_verb","B1","Learners should notice how ""carry off"" changes meaning in context."
"carry over","տանել (վրայով, վերանայել)","нести (через, заново)","phrasal_verb","B1","Learners should notice how ""carry over"" changes meaning in context."
"carry through","տանել (մինչև վերջ)","нести (насквозь)","phrasal_verb","B1","Learners should notice how ""carry through"" changes meaning in context."
"carry together","տանել (together)","нести (together)","phrasal_verb","B1","Learners should notice how ""carry together"" changes meaning in context."
"carry under","տանել (under)","нести (under)","phrasal_verb","B1","Learners should notice how ""carry under"" changes meaning in context."
"carry up","տանել (վեր, ավարտել, ավելացնել)","нести (вверх, завершить)","phrasal_verb","B1","Learners should notice how ""carry up"" changes meaning in context."
"come about","գալ (about)","приходить (about)","phrasal_verb","B1","Learners should notice how ""come about"" changes meaning in context."
"come after","գալ (after)","приходить (after)","phrasal_verb","B1","Learners should notice how ""come after"" changes meaning in context."
"come along","գալ (along)","приходить (along)","phrasal_verb","B1","Learners should notice how ""come along"" changes meaning in context."
"come apart","գալ (apart)","приходить (apart)","phrasal_verb","B1","Learners should notice how ""come apart"" changes meaning in context."
"come around","գալ (around)","приходить (around)","phrasal_verb","B1","Learners should notice how ""come around"" changes meaning in context."
"come aside","գալ (aside)","приходить (aside)","phrasal_verb","B1","Learners should notice how ""come aside"" changes meaning in context."
"come away","գալ (հեռու, դեն նետել)","приходить (прочь)","phrasal_verb","B1","Learners should notice how ""come away"" changes meaning in context."
"come by","գալ (by)","приходить (by)","phrasal_verb","B1","Learners should notice how ""come by"" changes meaning in context."
"come down","գալ (ներքև, գրի առնել)","приходить (вниз, записать)","phrasal_verb","B1","Learners should notice how ""come down"" changes meaning in context."
"come for","գալ (for)","приходить (for)","phrasal_verb","B1","Learners should notice how ""come for"" changes meaning in context."
"come forward","գալ (forward)","приходить (forward)","phrasal_verb","B1","Learners should notice how ""come forward"" changes meaning in context."
"come off","գալ (անց, անջատել)","приходить (прочь, отключить)","phrasal_verb","B1","Learners should notice how ""come off"" changes meaning in context."
"come on","գալ (շարունակ, միացնել)","приходить (дальше, включить)","phrasal_verb","B1","Learners should notice how ""come on"" changes meaning in context."
"come out","գալ (դուրս, ամբողջությամբ)","приходить (наружу, полностью)","phrasal_verb","B1","Learners should notice how ""come out"" changes meaning in context."
"come over","գալ (վրայով, վերանայել)","приходить (через, заново)","phrasal_verb","B1","Learners should notice how ""come over"" changes meaning in context."
"come through","գալ (մինչև վերջ)","приходить (насквозь)","phrasal_verb","B1","Learners should notice how ""come through"" changes meaning in context."
"come together","գալ (together)","приходить (together)","phrasal_verb","B1","Learners should notice how ""come together"" changes meaning in context."
"come under","գալ (under)","приходить (under)","phrasal_verb","B1","Learners should notice how ""come under"" changes meaning in context."
"come up","գալ (վեր, ավարտել, ավելացնել)","приходить (вверх, завершить)","phrasal_verb","B1","Learners should notice how ""come up"" changes meaning in context."
"cut about","կտրել (about)","резать (about)","phrasal_verb","B1","Learners should notice how ""cut about"" changes meaning in context."
"cut across","կտրել (across)","резать (across)","phrasal_verb","B1","Learners should notice how ""cut across"" changes meaning in context."
"cut after","կտրել (after)","резать (after)","phrasal_verb","B1","Learners should notice how ""cut after"" changes meaning in context."
"cut along","կտրել (along)","резать (along)","phrasal_verb","B1","Learners should notice how ""cut along"" changes meaning in context."
"cut apart","կտրել (apart)","резать (apart)","phrasal_verb","B1","Learners should notice how ""cut apart"" changes meaning in context."
"cut around","կտրել (around)","резать (around)","phrasal_verb","B1","Learners should notice how ""cut around"" changes meaning in context."
"cut aside","կտրել (aside)","резать (aside)","phrasal_verb","B1","Learners should notice how ""cut aside"" changes meaning in context."
"cut away","կտրել (հեռու, դեն նետել)","резать (прочь)","phrasal_verb","B1","Learners should notice how ""cut away"" changes meaning in context."
"cut back","կտրել (ետ, պատասխանել)","резать (назад)","phrasal_verb","B1","Learners should notice how ""cut back"" changes meaning in context."
"cut by","կտրել (by)","резать (by)","phrasal_verb","B1","Learners should notice how ""cut by"" changes meaning in context."
"cut down","կտրել (ներքև, գրի առնել)","резать (вниз, записать)","phrasal_verb","B1","Learners should notice how ""cut down"" changes meaning in context."
"cut for","կտրել (for)","резать (for)","phrasal_verb","B1","Learners should notice how ""cut for"" changes meaning in context."
"cut forward","կտրել (forward)","резать (forward)","phrasal_verb","B1","Learners should notice how ""cut forward"" changes meaning in context."
"cut in","կտրել (ներս, հանձնել)","резать (внутрь)","phrasal_verb","B1","Learners should notice how ""cut in"" changes meaning in context."
"cut on","կտրել (շարունակ, միացնել)","резать (дальше, включить)","phrasal_verb","B1","Learners should notice how ""cut on"" changes meaning in context."
"cut out","կտրել (դուրս, ամբողջությամբ)","резать (наружу, полностью)","phrasal_verb","B1","Learners should notice how ""cut out"" changes meaning in context."
"cut over","կտրել (վրայով, վերանայել)","резать (через, заново)","phrasal_verb","B1","Learners should notice how ""cut over"" changes meaning in context."
"cut through","կտրել (մինչև վերջ)","резать (насквозь)","phrasal_verb","B1","Learners should notice how ""cut through"" changes meaning in context."
"cut together","կտրել (together)","резать (together)","phrasal_verb","B1","Learners should notice how ""cut together"" changes meaning in context."
"cut under","կտրել (under)","резать (under)","phrasal_verb","B1","Learners should notice how ""cut under"" changes meaning in context."
"cut up","կտրել (վեր, ավարտել, ավելացնել)","резать (вверх, завершить)","phrasal_verb","B1","Learners should notice how ""cut up"" changes meaning in context."
"fall about","ընկնել (about)","падать (about)","phrasal_verb","B1","Learners should notice how ""fall about"" changes meaning in context."
"fall across","ընկնել (across)","падать (across)","phrasal_verb","B1","Learners should notice how ""fall across"" changes meaning in context."
"fall after","ընկնել (after)","падать (after)","phrasal_verb","B1","Learners should notice how ""fall after"" changes meaning in context."
"fall along","ընկնել (along)","падать (along)","phrasal_verb","B1","Learners should notice how ""fall along"" changes meaning in context."
"fall around","ընկնել (around)","падать (around)","phrasal_verb","B1","Learners should notice how ""fall around"" changes meaning in context."
"fall aside","ընկնել (aside)","падать (aside)","phrasal_verb","B1","Learners should notice how ""fall aside"" changes meaning in context."
"fall away","ընկնել (հեռու, դեն նետել)","падать (прочь)","phrasal_verb","B1","Learners should notice how ""fall away"" changes meaning in context."
"fall back","ընկնել (ետ, պատասխանել)","падать (назад)","phrasal_verb","B1","Learners should notice how ""fall back"" changes meaning in context."
"fall by","ընկնել (by)","падать (by)","phrasal_verb","B1","Learners should notice how ""fall by"" changes meaning in context."
"fall down","ընկնել (ներքև, գրի առնել)","падать (вниз, записать)","phrasal_verb","B1","Learners should notice how ""fall down"" changes meaning in context."
"fall forward","ընկնել (forward)","падать (forward)","phrasal_verb","B1","Learners should notice how ""fall forward"" changes meaning in context."
"fall in","ընկնել (ներս, հանձնել)","падать (внутрь)","phrasal_verb","B1","Learners should notice how ""fall in"" changes meaning in context."
"fall off","ընկնել (անց, անջատել)","падать (прочь, отключить)","phrasal_verb","B1","Learners should notice how ""fall off"" changes meaning in context."
"fall on","ընկնել (շարունակ, միացնել)","падать (дальше, включить)","phrasal_verb","B1","Learners should notice how ""fall on"" changes meaning in context."
"fall over","ընկնել (վրայով, վերանայել)","падать (через, заново)","phrasal_verb","B1","Learners should notice how ""fall over"" changes meaning in context."
"fall through","ընկնել (մինչև վերջ)","падать (насквозь)","phrasal_verb","B1","Learners should notice how ""fall through"" changes meaning in context."
"fall together","ընկնել (together)","падать (together)","phrasal_verb","B1","Learners should notice how ""fall together"" changes meaning in context."
"fall under","ընկնել (under)","падать (under)","phrasal_verb","B1","Learners should notice how ""fall under"" changes meaning in context."
"fall up","ընկնել (վեր, ավարտել, ավելացնել)","падать (вверх, завершить)","phrasal_verb","B1","Learners should notice how ""fall up"" changes meaning in context."
"get about","ստանալ (about)","получать (about)","phrasal_verb","B1","Learners should notice how ""get about"" changes meaning in context."
"get across","ստանալ (across)","получать (across)","phrasal_verb","B1","Learners should notice how ""get across"" changes meaning in context."
"get after","ստանալ (after)","получать (after)","phrasal_verb","B1","Learners should notice how ""get after"" changes meaning in context."
"get along","ստանալ (along)","получать (along)","phrasal_verb","B1","Learners should notice how ""get along"" changes meaning in context."
"get apart","ստանալ (apart)","получать (apart)","phrasal_verb","B1","Learners should notice how ""get apart"" changes meaning in context."
"get around","ստանալ (around)","получать (around)","phrasal_verb","B1","Learners should notice how ""get around"" changes meaning in context."
"get aside","ստանալ (aside)","получать (aside)","phrasal_verb","B1","Learners should notice how ""get aside"" changes meaning in context."
"get down","ստանալ (ներքև, գրի առնել)","получать (вниз, записать)","phrasal_verb","B1","Learners should notice how ""get down"" changes meaning in context."
"get for","ստանալ (for)","получать (for)","phrasal_verb","B1","Learners should notice how ""get for"" changes meaning in context."
"get forward","ստանալ (forward)","получать (forward)","phrasal_verb","B1","Learners should notice how ""get forward"" changes meaning in context."
"get off","ստանալ (անց, անջատել)","получать (прочь, отключить)","phrasal_verb","B1","Learners should notice how ""get off"" changes meaning in context."
"get through","ստանալ (մինչև վերջ)","получать (насквозь)","phrasal_verb","B1","Learners should notice how ""get through"" changes meaning in context."
"get under","ստանալ (under)","получать (under)","phrasal_verb","B1","Learners should notice how ""get under"" changes meaning in context."
"give about","տալ (about)","давать (about)","phrasal_verb","B1","Learners should notice how ""give about"" changes meaning in context."
"give across","տալ (across)","давать (across)","phrasal_verb","B1","Learners should notice how ""give across"" changes meaning in context."
"give after","տալ (after)","давать (after)","phrasal_verb","B1","Learners should notice how ""give after"" changes meaning in context."
"give along","տալ (along)","давать (along)","phrasal_verb","B1","Learners should notice how ""give along"" changes meaning in context."
"give apart","տալ (apart)","давать (apart)","phrasal_verb","B1","Learners should notice how ""give apart"" changes meaning in context."
"give around","տալ (around)","давать (around)","phrasal_verb","B1","Learners should notice how ""give around"" changes meaning in context."
"give aside","տալ (aside)","давать (aside)","phrasal_verb","B1","Learners should notice how ""give aside"" changes meaning in context."
"give by","տալ (by)","давать (by)","phrasal_verb","B1","Learners should notice how ""give by"" changes meaning in context."
"give down","տալ (ներքև, գրի առնել)","давать (вниз, записать)","phrasal_verb","B1","Learners should notice how ""give down"" changes meaning in context."
"give for","տալ (for)","давать (for)","phrasal_verb","B1","Learners should notice how ""give for"" changes meaning in context."
"give forward","տալ (forward)","давать (forward)","phrasal_verb","B1","Learners should notice how ""give forward"" changes meaning in context."
"give off","տալ (անց, անջատել)","давать (прочь, отключить)","phrasal_verb","B1","Learners should notice how ""give off"" changes meaning in context."
"give on","տալ (շարունակ, միացնել)","давать (дальше, включить)","phrasal_verb","B1","Learners should notice how ""give on"" changes meaning in context."
"give out","տալ (դուրս, ամբողջությամբ)","давать (наружу, полностью)","phrasal_verb","B1","Learners should notice how ""give out"" changes meaning in context."
"give over","տալ (վրայով, վերանայել)","давать (через, заново)","phrasal_verb","B1","Learners should notice how ""give over"" changes meaning in context."
"give through","տալ (մինչև վերջ)","давать (насквозь)","phrasal_verb","B1","Learners should notice how ""give through"" changes meaning in context."
"give together","տալ (together)","давать (together)","phrasal_verb","B1","Learners should notice how ""give together"" changes meaning in context."
"give under","տալ (under)","давать (under)","phrasal_verb","B1","Learners should notice how ""give under"" changes meaning in context."
"go about","գնալ (about)","идти (about)","phrasal_verb","B1","Learners should notice how ""go about"" changes meaning in context."
"go across","գնալ (across)","идти (across)","phrasal_verb","B1","Learners should notice how ""go across"" changes meaning in context."
"go after","գնալ (after)","идти (after)","phrasal_verb","B1","Learners should notice how ""go after"" changes meaning in context."
"go along","գնալ (along)","идти (along)","phrasal_verb","B1","Learners should notice how ""go along"" changes meaning in context."
"go apart","գնալ (apart)","идти (apart)","phrasal_verb","B1","Learners should notice how ""go apart"" changes meaning in context."
"go around","գնալ (around)","идти (around)","phrasal_verb","B1","Learners should notice how ""go around"" changes meaning in context."
"go aside","գնալ (aside)","идти (aside)","phrasal_verb","B1","Learners should notice how ""go aside"" changes meaning in context."
"go by","գնալ (by)","идти (by)","phrasal_verb","B1","Learners should notice how ""go by"" changes meaning in context."
"go down","գնալ (ներքև, գրի առնել)","идти (вниз, записать)","phrasal_verb","B1","Learners should notice how ""go down"" changes meaning in context."
"go for","գնալ (for)","идти (for)","phrasal_verb","B1","Learners should notice how ""go for"" changes meaning in context."
"go forward","գնալ (forward)","идти (forward)","phrasal_verb","B1","Learners should notice how ""go forward"" changes meaning in context."
"go in","գնալ (ներս, հանձնել)","идти (внутрь)","phrasal_verb","B1","Learners should notice how ""go in"" changes meaning in context."
"go off","գնալ (անց, անջատել)","идти (прочь, отключить)","phrasal_verb","B1","Learners should notice how ""go off"" changes meaning in context."
"go together","գնալ (together)","идти (together)","phrasal_verb","B1","Learners should notice how ""go together"" changes meaning in context."
"go under","գնալ (under)","идти (under)","phrasal_verb","B1","Learners should notice how ""go under"" changes meaning in context."
"go up","գնալ (վեր, ավարտել, ավելացնել)","идти (вверх, завершить)","phrasal_verb","B1","Learners should notice how ""go up"" changes meaning in context."
"hang about","կախել (about)","вешать (about)","phrasal_verb","B1","Learners should notice how ""hang about"" changes meaning in context."
"hang across","կախել (across)","вешать (across)","phrasal_verb","B1","Learners should notice how ""hang across"" changes meaning in context."
"hang after","կախել (after)","вешать (after)","phrasal_verb","B1","Learners should notice how ""hang after"" changes meaning in context."
"hang along","կախել (along)","вешать (along)","phrasal_verb","B1","Learners should notice how ""hang along"" changes meaning in context."
"hang apart","կախել (apart)","вешать (apart)","phrasal_verb","B1","Learners should notice how ""hang apart"" changes meaning in context."
"hang around","կախել (around)","вешать (around)","phrasal_verb","B1","Learners should notice how ""hang around"" changes meaning in context."
"hang aside","կախել (aside)","вешать (aside)","phrasal_verb","B1","Learners should notice how ""hang aside"" changes meaning in context."
"hang away","կախել (հեռու, դեն նետել)","вешать (прочь)","phrasal_verb","B1","Learners should notice how ""hang away"" changes meaning in context."
"hang back","կախել (ետ, պատասխանել)","вешать (назад)","phrasal_verb","B1","Learners should notice how ""hang back"" changes meaning in context."
"hang by","կախել (by)","вешать (by)","phrasal_verb","B1","Learners should notice how ""hang by"" changes meaning in context."
"hang down","կախել (ներքև, գրի առնել)","вешать (вниз, записать)","phrasal_verb","B1","Learners should notice how ""hang down"" changes meaning in context."
"hang for","կախել (for)","вешать (for)","phrasal_verb","B1","Learners should notice how ""hang for"" changes meaning in context."
"hang forward","կախել (forward)","вешать (forward)","phrasal_verb","B1","Learners should notice how ""hang forward"" changes meaning in context."
"hang in","կախել (ներս, հանձնել)","вешать (внутрь)","phrasal_verb","B1","Learners should notice how ""hang in"" changes meaning in context."
"hang off","կախել (անց, անջատել)","вешать (прочь, отключить)","phrasal_verb","B1","Learners should notice how ""hang off"" changes meaning in context."
"hang on","կախել (շարունակ, միացնել)","вешать (дальше, включить)","phrasal_verb","B1","Learners should notice how ""hang on"" changes meaning in context."
"hang over","կախել (վրայով, վերանայել)","вешать (через, заново)","phrasal_verb","B1","Learners should notice how ""hang over"" changes meaning in context."
"hang through","կախել (մինչև վերջ)","вешать (насквозь)","phrasal_verb","B1","Learners should notice how ""hang through"" changes meaning in context."
"hang together","կախել (together)","вешать (together)","phrasal_verb","B1","Learners should notice how ""hang together"" changes meaning in context."
"hang under","կախել (under)","вешать (under)","phrasal_verb","B1","Learners should notice how ""hang under"" changes meaning in context."
"hold about","պահել (about)","держать (about)","phrasal_verb","B1","Learners should notice how ""hold about"" changes meaning in context."
"hold across","պահել (across)","держать (across)","phrasal_verb","B1","Learners should notice how ""hold across"" changes meaning in context."
"hold after","պահել (after)","держать (after)","phrasal_verb","B1","Learners should notice how ""hold after"" changes meaning in context."
"hold along","պահել (along)","держать (along)","phrasal_verb","B1","Learners should notice how ""hold along"" changes meaning in context."
"hold apart","պահել (apart)","держать (apart)","phrasal_verb","B1","Learners should notice how ""hold apart"" changes meaning in context."
"hold around","պահել (around)","держать (around)","phrasal_verb","B1","Learners should notice how ""hold around"" changes meaning in context."
"hold aside","պահել (aside)","держать (aside)","phrasal_verb","B1","Learners should notice how ""hold aside"" changes meaning in context."
"hold away","պահել (հեռու, դեն նետել)","держать (прочь)","phrasal_verb","B1","Learners should notice how ""hold away"" changes meaning in context."
"hold by","պահել (by)","держать (by)","phrasal_verb","B1","Learners should notice how ""hold by"" changes meaning in context."
"hold down","պահել (ներքև, գրի առնել)","держать (вниз, записать)","phrasal_verb","B1","Learners should notice how ""hold down"" changes meaning in context."
"hold for","պահել (for)","держать (for)","phrasal_verb","B1","Learners should notice how ""hold for"" changes meaning in context."
"hold forward","պահել (forward)","держать (forward)","phrasal_verb","B1","Learners should notice how ""hold forward"" changes meaning in context."
"hold in","պահել (ներս, հանձնել)","держать (внутрь)","phrasal_verb","B1","Learners should notice how ""hold in"" changes meaning in context."
"hold off","պահել (անց, անջատել)","держать (прочь, отключить)","phrasal_verb","B1","Learners should notice how ""hold off"" changes meaning in context."
"hold out","պահել (դուրս, ամբողջությամբ)","держать (наружу, полностью)","phrasal_verb","B1","Learners should notice how ""hold out"" changes meaning in context."
"hold over","պահել (վրայով, վերանայել)","держать (через, заново)","phrasal_verb","B1","Learners should notice how ""hold over"" changes meaning in context."
"hold through","պահել (մինչև վերջ)","держать (насквозь)","phrasal_verb","B1","Learners should notice how ""hold through"" changes meaning in context."
"hold together","պահել (together)","держать (together)","phrasal_verb","B1","Learners should notice how ""hold together"" changes meaning in context."
"hold under","պահել (under)","держать (under)","phrasal_verb","B1","Learners should notice how ""hold under"" changes meaning in context."
"hold up","պահել (վեր, ավարտել, ավելացնել)","держать (вверх, завершить)","phrasal_verb","B1","Learners should notice how ""hold up"" changes meaning in context."
"keep about","պահել (about)","держать (about)","phrasal_verb","B1","Learners should notice how ""keep about"" changes meaning in context."
"keep across","պահել (across)","держать (across)","phrasal_verb","B1","Learners should notice how ""keep across"" changes meaning in context."
"keep after","պահել (after)","держать (after)","phrasal_verb","B1","Learners should notice how ""keep after"" changes meaning in context."
"keep along","պահել (along)","держать (along)","phrasal_verb","B1","Learners should notice how ""keep along"" changes meaning in context."
"keep apart","պահել (apart)","держать (apart)","phrasal_verb","B1","Learners should notice how ""keep apart"" changes meaning in context."
"keep around","պահել (around)","держать (around)","phrasal_verb","B1","Learners should notice how ""keep around"" changes meaning in context."
"keep aside","պահել (aside)","держать (aside)","phrasal_verb","B1","Learners should notice how ""keep aside"" changes meaning in context."
"keep away","պահել (հեռու, դեն նետել)","держать (прочь)","phrasal_verb","B1","Learners should notice how ""keep away"" changes meaning in context."
"keep back","պահել (ետ, պատասխանել)","держать (назад)","phrasal_verb","B1","Learners should notice how ""keep back"" changes meaning in context."
"keep by","պահել (by)","держать (by)","phrasal_verb","B1","Learners should notice how ""keep by"" changes meaning in context."
"keep down","պահել (ներքև, գրի առնել)","держать (вниз, записать)","phrasal_verb","B1","Learners should notice how ""keep down"" changes meaning in context."
"keep for","պահել (for)","держать (for)","phrasal_verb","B1","Learners should notice how ""keep for"" changes meaning in context."
"keep forward","պահել (forward)","держать (forward)","phrasal_verb","B1","Learners should notice how ""keep forward"" changes meaning in context."
"keep in","պահել (ներս, հանձնել)","держать (внутрь)","phrasal_verb","B1","Learners should notice how ""keep in"" changes meaning in context."
"keep off","պահել (անց, անջատել)","держать (прочь, отключить)","phrasal_verb","B1","Learners should notice how ""keep off"" changes meaning in context."
"keep out","պահել (դուրս, ամբողջությամբ)","держать (наружу, полностью)","phrasal_verb","B1","Learners should notice how ""keep out"" changes meaning in context."
"keep over","պահել (վրայով, վերանայել)","держать (через, заново)","phrasal_verb","B1","Learners should notice how ""keep over"" changes meaning in context."
"keep through","պահել (մինչև վերջ)","держать (насквозь)","phrasal_verb","B1","Learners should notice how ""keep through"" changes meaning in context."
"keep together","պահել (together)","держать (together)","phrasal_verb","B1","Learners should notice how ""keep together"" changes meaning in context."
"keep under","պահել (under)","держать (under)","phrasal_verb","B1","Learners should notice how ""keep under"" changes meaning in context."
"keep up","պահել (վեր, ավարտել, ավելացնել)","держать (вверх, завершить)","phrasal_verb","B1","Learners should notice how ""keep up"" changes meaning in context."
"let about","թույլ տալ (about)","позволять (about)","phrasal_verb","B1","Learners should notice how ""let about"" changes meaning in context."
"let across","թույլ տալ (across)","позволять (across)","phrasal_verb","B1","Learners should notice how ""let across"" changes meaning in context."
"let after","թույլ տալ (after)","позволять (after)","phrasal_verb","B1","Learners should notice how ""let after"" changes meaning in context."
"let along","թույլ տալ (along)","позволять (along)","phrasal_verb","B1","Learners should notice how ""let along"" changes meaning in context."
"let apart","թույլ տալ (apart)","позволять (apart)","phrasal_verb","B1","Learners should notice how ""let apart"" changes meaning in context."
"let around","թույլ տալ (around)","позволять (around)","phrasal_verb","B1","Learners should notice how ""let around"" changes meaning in context."
"let aside","թույլ տալ (aside)","позволять (aside)","phrasal_verb","B1","Learners should notice how ""let aside"" changes meaning in context."
"let away","թույլ տալ (հեռու, դեն նետել)","позволять (прочь)","phrasal_verb","B1","Learners should notice how ""let away"" changes meaning in context."
"let back","թույլ տալ (ետ, պատասխանել)","позволять (назад)","phrasal_verb","B1","Learners should notice how ""let back"" changes meaning in context."
"let by","թույլ տալ (by)","позволять (by)","phrasal_verb","B1","Learners should notice how ""let by"" changes meaning in context."
"let for","թույլ տալ (for)","позволять (for)","phrasal_verb","B1","Learners should notice how ""let for"" changes meaning in context."
"let forward","թույլ տալ (forward)","позволять (forward)","phrasal_verb","B1","Learners should notice how ""let forward"" changes meaning in context."
"let in","թույլ տալ (ներս, հանձնել)","позволять (внутрь)","phrasal_verb","B1","Learners should notice how ""let in"" changes meaning in context."
"let off","թույլ տալ (անց, անջատել)","позволять (прочь, отключить)","phrasal_verb","B1","Learners should notice how ""let off"" changes meaning in context."
"let on","թույլ տալ (շարունակ, միացնել)","позволять (дальше, включить)","phrasal_verb","B1","Learners should notice how ""let on"" changes meaning in context."
"let out","թույլ տալ (դուրս, ամբողջությամբ)","позволять (наружу, полностью)","phrasal_verb","B1","Learners should notice how ""let out"" changes meaning in context."
"let over","թույլ տալ (վրայով, վերանայել)","позволять (через, заново)","phrasal_verb","B1","Learners should notice how ""let over"" changes meaning in context."
"let through","թույլ տալ (մինչև վերջ)","позволять (насквозь)","phrasal_verb","B1","Learners should notice how ""let through"" changes meaning in context."
"let together","թույլ տալ (together)","позволять (together)","phrasal_verb","B1","Learners should notice how ""let together"" changes meaning in context."
"let under","թույլ տալ (under)","позволять (under)","phrasal_verb","B1","Learners should notice how ""let under"" changes meaning in context."
"let up","թույլ տալ (վեր, ավարտել, ավելացնել)","позволять (вверх, завершить)","phrasal_verb","B1","Learners should notice how ""let up"" changes meaning in context."
"look about","նայել (about)","смотреть (about)","phrasal_verb","B1","Learners should notice how ""look about"" changes meaning in context."
"look across","նայել (across)","смотреть (across)","phrasal_verb","B1","Learners should notice how ""look across"" changes meaning in context."
"look along","նայել (along)","смотреть (along)","phrasal_verb","B1","Learners should notice how ""look along"" changes meaning in context."
"look apart","նայել (apart)","смотреть (apart)","phrasal_verb","B1","Learners should notice how ""look apart"" changes meaning in context."
"look around","նայել (around)","смотреть (around)","phrasal_verb","B1","Learners should notice how ""look around"" changes meaning in context."
"look aside","նայել (aside)","смотреть (aside)","phrasal_verb","B1","Learners should notice how ""look aside"" changes meaning in context."
"look away","նայել (հեռու, դեն նետել)","смотреть (прочь)","phrasal_verb","B1","Learners should notice how ""look away"" changes meaning in context."
"look back","նայել (ետ, պատասխանել)","смотреть (назад)","phrasal_verb","B1","Learners should notice how ""look back"" changes meaning in context."
"look by","նայել (by)","смотреть (by)","phrasal_verb","B1","Learners should notice how ""look by"" changes meaning in context."
"look down","նայել (ներքև, գրի առնել)","смотреть (вниз, записать)","phrasal_verb","B1","Learners should notice how ""look down"" changes meaning in context."
"look forward","նայել (forward)","смотреть (forward)","phrasal_verb","B1","Learners should notice how ""look forward"" changes meaning in context."
"look in","նայել (ներս, հանձնել)","смотреть (внутрь)","phrasal_verb","B1","Learners should notice how ""look in"" changes meaning in context."
"look off","նայել (անց, անջատել)","смотреть (прочь, отключить)","phrasal_verb","B1","Learners should notice how ""look off"" changes meaning in context."
"look on","նայել (շարունակ, միացնել)","смотреть (дальше, включить)","phrasal_verb","B1","Learners should notice how ""look on"" changes meaning in context."
"look over","նայել (վրայով, վերանայել)","смотреть (через, заново)","phrasal_verb","B1","Learners should notice how ""look over"" changes meaning in context."
"look through","նայել (մինչև վերջ)","смотреть (насквозь)","phrasal_verb","B1","Learners should notice how ""look through"" changes meaning in context."
"look together","նայել (together)","смотреть (together)","phrasal_verb","B1","Learners should notice how ""look together"" changes meaning in context."
"look under","նայել (under)","смотреть (under)","phrasal_verb","B1","Learners should notice how ""look under"" changes meaning in context."
"make about","անել (about)","делать (about)","phrasal_verb","B1","Learners should notice how ""make about"" changes meaning in context."
"make across","անել (across)","делать (across)","phrasal_verb","B1","Learners should notice how ""make across"" changes meaning in context."
"make after","անել (after)","делать (after)","phrasal_verb","B1","Learners should notice how ""make after"" changes meaning in context."
"make along","անել (along)","делать (along)","phrasal_verb","B1","Learners should notice how ""make along"" changes meaning in context."
"make apart","անել (apart)","делать (apart)","phrasal_verb","B1","Learners should notice how ""make apart"" changes meaning in context."
"make around","անել (around)","делать (around)","phrasal_verb","B1","Learners should notice how ""make around"" changes meaning in context."
"make aside","անել (aside)","делать (aside)","phrasal_verb","B1","Learners should notice how ""make aside"" changes meaning in context."
"make away","անել (հեռու, դեն նետել)","делать (прочь)","phrasal_verb","B1","Learners should notice how ""make away"" changes meaning in context."
"make back","անել (ետ, պատասխանել)","делать (назад)","phrasal_verb","B1","Learners should notice how ""make back"" changes meaning in context."
"make by","անել (by)","делать (by)","phrasal_verb","B1","Learners should notice how ""make by"" changes meaning in context."
"make down","անել (ներքև, գրի առնել)","делать (вниз, записать)","phrasal_verb","B1","Learners should notice how ""make down"" changes meaning in context."
"make for","անել (for)","делать (for)","phrasal_verb","B1","Learners should notice how ""make for"" changes meaning in context."
"make forward","անել (forward)","делать (forward)","phrasal_verb","B1","Learners should notice how ""make forward"" changes meaning in context."
"make in","անել (ներս, հանձնել)","делать (внутрь)","phrasal_verb","B1","Learners should notice how ""make in"" changes meaning in context."
"make off","անել (անց, անջատել)","делать (прочь, отключить)","phrasal_verb","B1","Learners should notice how ""make off"" changes meaning in context."
"make on","անել (շարունակ, միացնել)","делать (дальше, включить)","phrasal_verb","B1","Learners should notice how ""make on"" changes meaning in context."
"make over","անել (վրայով, վերանայել)","делать (через, заново)","phrasal_verb","B1","Learners should notice how ""make over"" changes meaning in context."
"make through","անել (մինչև վերջ)","делать (насквозь)","phrasal_verb","B1","Learners should notice how ""make through"" changes meaning in context."
"make together","անել (together)","делать (together)","phrasal_verb","B1","Learners should notice how ""make together"" changes meaning in context."
"make under","անել (under)","делать (under)","phrasal_verb","B1","Learners should notice how ""make under"" changes meaning in context."
"move about","շարժվել (about)","двигаться (about)","phrasal_verb","B1","Learners should notice how ""move about"" changes meaning in context."
"move across","շարժվել (across)","двигаться (across)","phrasal_verb","B1","Learners should notice how ""move across"" changes meaning in context."
"move after","շարժվել (after)","двигаться (after)","phrasal_verb","B1","Learners should notice how ""move after"" changes meaning in context."
"move along","շարժվել (along)","двигаться (along)","phrasal_verb","B1","Learners should notice how ""move along"" changes meaning in context."
"move apart","շարժվել (apart)","двигаться (apart)","phrasal_verb","B1","Learners should notice how ""move apart"" changes meaning in context."
"move around","շարժվել (around)","двигаться (around)","phrasal_verb","B1","Learners should notice how ""move around"" changes meaning in context."
"move aside","շարժվել (aside)","двигаться (aside)","phrasal_verb","B1","Learners should notice how ""move aside"" changes meaning in context."
"move away","շարժվել (հեռու, դեն նետել)","двигаться (прочь)","phrasal_verb","B1","Learners should notice how ""move away"" changes meaning in context."
"move back","շարժվել (ետ, պատասխանել)","двигаться (назад)","phrasal_verb","B1","Learners should notice how ""move back"" changes meaning in context."
"move by","շարժվել (by)","двигаться (by)","phrasal_verb","B1","Learners should notice how ""move by"" changes meaning in context."
"move down","շարժվել (ներքև, գրի առնել)","двигаться (вниз, записать)","phrasal_verb","B1","Learners should notice how ""move down"" changes meaning in context."
"move for","շարժվել (for)","двигаться (for)","phrasal_verb","B1","Learners should notice how ""move for"" changes meaning in context."
"move forward","շարժվել (forward)","двигаться (forward)","phrasal_verb","B1","Learners should notice how ""move forward"" changes meaning in context."
"move off","շարժվել (անց, անջատել)","двигаться (прочь, отключить)","phrasal_verb","B1","Learners should notice how ""move off"" changes meaning in context."
"move on","շարժվել (շարունակ, միացնել)","двигаться (дальше, включить)","phrasal_verb","B1","Learners should notice how ""move on"" changes meaning in context."
"move over","շարժվել (վրայով, վերանայել)","двигаться (через, заново)","phrasal_verb","B1","Learners should notice how ""move over"" changes meaning in context."
"move through","շարժվել (մինչև վերջ)","двигаться (насквозь)","phrasal_verb","B1","Learners should notice how ""move through"" changes meaning in context."
"move together","շարժվել (together)","двигаться (together)","phrasal_verb","B1","Learners should notice how ""move together"" changes meaning in context."
"move under","շարժվել (under)","двигаться (under)","phrasal_verb","B1","Learners should notice how ""move under"" changes meaning in context."
"move up","շարժվել (վեր, ավարտել, ավելացնել)","двигаться (вверх, завершить)","phrasal_verb","B1","Learners should notice how ""move up"" changes meaning in context."
"pass about","անցնել (about)","проходить (about)","phrasal_verb","B1","Learners should notice how ""pass about"" changes meaning in context."
"pass across","անցնել (across)","проходить (across)","phrasal_verb","B1","Learners should notice how ""pass across"" changes meaning in context."
"pass after","անցնել (after)","проходить (after)","phrasal_verb","B1","Learners should notice how ""pass after"" changes meaning in context."
"pass along","անցնել (along)","проходить (along)","phrasal_verb","B1","Learners should notice how ""pass along"" changes meaning in context."
"pass apart","անցնել (apart)","проходить (apart)","phrasal_verb","B1","Learners should notice how ""pass apart"" changes meaning in context."
"pass around","անցնել (around)","проходить (around)","phrasal_verb","B1","Learners should notice how ""pass around"" changes meaning in context."
"pass aside","անցնել (aside)","проходить (aside)","phrasal_verb","B1","Learners should notice how ""pass aside"" changes meaning in context."
"pass back","անցնել (ետ, պատասխանել)","проходить (назад)","phrasal_verb","B1","Learners should notice how ""pass back"" changes meaning in context."
"pass by","անցնել (by)","проходить (by)","phrasal_verb","B1","Learners should notice how ""pass by"" changes meaning in context."
"pass down","անցնել (ներքև, գրի առնել)","проходить (вниз, записать)","phrasal_verb","B1","Learners should notice how ""pass down"" changes meaning in context."
"pass for","անցնել (for)","проходить (for)","phrasal_verb","B1","Learners should notice how ""pass for"" changes meaning in context."
"pass forward","անցնել (forward)","проходить (forward)","phrasal_verb","B1","Learners should notice how ""pass forward"" changes meaning in context."
"pass in","անցնել (ներս, հանձնել)","проходить (внутрь)","phrasal_verb","B1","Learners should notice how ""pass in"" changes meaning in context."
"pass off","անցնել (անց, անջատել)","проходить (прочь, отключить)","phrasal_verb","B1","Learners should notice how ""pass off"" changes meaning in context."
"pass on","անցնել (շարունակ, միացնել)","проходить (дальше, включить)","phrasal_verb","B1","Learners should notice how ""pass on"" changes meaning in context."
"pass over","անցնել (վրայով, վերանայել)","проходить (через, заново)","phrasal_verb","B1","Learners should notice how ""pass over"" changes meaning in context."
"pass through","անցնել (մինչև վերջ)","проходить (насквозь)","phrasal_verb","B1","Learners should notice how ""pass through"" changes meaning in context."
"pass together","անցնել (together)","проходить (together)","phrasal_verb","B1","Learners should notice how ""pass together"" changes meaning in context."
"pass under","անցնել (under)","проходить (under)","phrasal_verb","B1","Learners should notice how ""pass under"" changes meaning in context."
"pass up","անցնել (վեր, ավարտել, ավելացնել)","проходить (вверх, завершить)","phrasal_verb","B1","Learners should notice how ""pass up"" changes meaning in context."
"pay about","վճարել (about)","платить (about)","phrasal_verb","B1","Learners should notice how ""pay about"" changes meaning in context."
"pay across","վճարել (across)","платить (across)","phrasal_verb","B1","Learners should notice how ""pay across"" changes meaning in context."
"pay after","վճարել (after)","платить (after)","phrasal_verb","B1","Learners should notice how ""pay after"" changes meaning in context."
"pay along","վճարել (along)","платить (along)","phrasal_verb","B1","Learners should notice how ""pay along"" changes meaning in context."
"pay apart","վճարել (apart)","платить (apart)","phrasal_verb","B1","Learners should notice how ""pay apart"" changes meaning in context."
"pay around","վճարել (around)","платить (around)","phrasal_verb","B1","Learners should notice how ""pay around"" changes meaning in context."
"pay aside","վճարել (aside)","платить (aside)","phrasal_verb","B1","Learners should notice how ""pay aside"" changes meaning in context."
"pay away","վճարել (հեռու, դեն նետել)","платить (прочь)","phrasal_verb","B1","Learners should notice how ""pay away"" changes meaning in context."
"pay by","վճարել (by)","платить (by)","phrasal_verb","B1","Learners should notice how ""pay by"" changes meaning in context."
"pay down","վճարել (ներքև, գրի առնել)","платить (вниз, записать)","phrasal_verb","B1","Learners should notice how ""pay down"" changes meaning in context."
"pay for","վճարել (for)","платить (for)","phrasal_verb","B1","Learners should notice how ""pay for"" changes meaning in context."
"pay forward","վճարել (forward)","платить (forward)","phrasal_verb","B1","Learners should notice how ""pay forward"" changes meaning in context."
"pay in","վճարել (ներս, հանձնել)","платить (внутрь)","phrasal_verb","B1","Learners should notice how ""pay in"" changes meaning in context."
"pay on","վճարել (շարունակ, միացնել)","платить (дальше, включить)","phrasal_verb","B1","Learners should notice how ""pay on"" changes meaning in context."
"pay out","վճարել (դուրս, ամբողջությամբ)","платить (наружу, полностью)","phrasal_verb","B1","Learners should notice how ""pay out"" changes meaning in context."
"pay over","վճարել (վրայով, վերանայել)","платить (через, заново)","phrasal_verb","B1","Learners should notice how ""pay over"" changes meaning in context."
"pay through","վճարել (մինչև վերջ)","платить (насквозь)","phrasal_verb","B1","Learners should notice how ""pay through"" changes meaning in context."
"pay together","վճարել (together)","платить (together)","phrasal_verb","B1","Learners should notice how ""pay together"" changes meaning in context."
"pay under","վճարել (under)","платить (under)","phrasal_verb","B1","Learners should notice how ""pay under"" changes meaning in context."
"pay up","վճարել (վեր, ավարտել, ավելացնել)","платить (вверх, завершить)","phrasal_verb","B1","Learners should notice how ""pay up"" changes meaning in context."
"pick about","վերցնել (about)","выбирать (about)","phrasal_verb","B1","Learners should notice how ""pick about"" changes meaning in context."
"pick across","վերցնել (across)","выбирать (across)","phrasal_verb","B1","Learners should notice how ""pick across"" changes meaning in context."
"pick after","վերցնել (after)","выбирать (after)","phrasal_verb","B1","Learners should notice how ""pick after"" changes meaning in context."
"pick along","վերցնել (along)","выбирать (along)","phrasal_verb","B1","Learners should notice how ""pick along"" changes meaning in context."
"pick apart","վերցնել (apart)","выбирать (apart)","phrasal_verb","B1","Learners should notice how ""pick apart"" changes meaning in context."
"pick around","վերցնել (around)","выбирать (around)","phrasal_verb","B1","Learners should notice how ""pick around"" changes meaning in context."
"pick aside","վերցնել (aside)","выбирать (aside)","phrasal_verb","B1","Learners should notice how ""pick aside"" changes meaning in context."
"pick away","վերցնել (հեռու, դեն նետել)","выбирать (прочь)","phrasal_verb","B1","Learners should notice how ""pick away"" changes meaning in context."
"pick back","վերցնել (ետ, պատասխանել)","выбирать (назад)","phrasal_verb","B1","Learners should notice how ""pick back"" changes meaning in context."
"pick by","վերցնել (by)","выбирать (by)","phrasal_verb","B1","Learners should notice how ""pick by"" changes meaning in context."
"pick down","վերցնել (ներքև, գրի առնել)","выбирать (вниз, записать)","phrasal_verb","B1","Learners should notice how ""pick down"" changes meaning in context."
"pick for","վերցնել (for)","выбирать (for)","phrasal_verb","B1","Learners should notice how ""pick for"" changes meaning in context."
"pick forward","վերցնել (forward)","выбирать (forward)","phrasal_verb","B1","Learners should notice how ""pick forward"" changes meaning in context."
"pick in","վերցնել (ներս, հանձնել)","выбирать (внутрь)","phrasal_verb","B1","Learners should notice how ""pick in"" changes meaning in context."
"pick off","վերցնել (անց, անջատել)","выбирать (прочь, отключить)","phrasal_verb","B1","Learners should notice how ""pick off"" changes meaning in context."
"pick on","վերցնել (շարունակ, միացնել)","выбирать (дальше, включить)","phrasal_verb","B1","Learners should notice how ""pick on"" changes meaning in context."
"pick out","վերցնել (դուրս, ամբողջությամբ)","выбирать (наружу, полностью)","phrasal_verb","B1","Learners should notice how ""pick out"" changes meaning in context."
"pick over","վերցնել (վրայով, վերանայել)","выбирать (через, заново)","phrasal_verb","B1","Learners should notice how ""pick over"" changes meaning in context."
"pick through","վերցնել (մինչև վերջ)","выбирать (насквозь)","phrasal_verb","B1","Learners should notice how ""pick through"" changes meaning in context."
"pick together","վերցնել (together)","выбирать (together)","phrasal_verb","B1","Learners should notice how ""pick together"" changes meaning in context."
"pick under","վերցնել (under)","выбирать (under)","phrasal_verb","B1","Learners should notice how ""pick under"" changes meaning in context."
"pull about","քաշել (about)","тянуть (about)","phrasal_verb","B1","Learners should notice how ""pull about"" changes meaning in context."
"pull across","քաշել (across)","тянуть (across)","phrasal_verb","B1","Learners should notice how ""pull across"" changes meaning in context."
"pull after","քաշել (after)","тянуть (after)","phrasal_verb","B1","Learners should notice how ""pull after"" changes meaning in context."
"pull along","քաշել (along)","тянуть (along)","phrasal_verb","B1","Learners should notice how ""pull along"" changes meaning in context."
"pull apart","քաշել (apart)","тянуть (apart)","phrasal_verb","B1","Learners should notice how ""pull apart"" changes meaning in context."
"pull around","քաշել (around)","тянуть (around)","phrasal_verb","B1","Learners should notice how ""pull around"" changes meaning in context."
"pull aside","քաշել (aside)","тянуть (aside)","phrasal_verb","B1","Learners should notice how ""pull aside"" changes meaning in context."
"pull away","քաշել (հեռու, դեն նետել)","тянуть (прочь)","phrasal_verb","B1","Learners should notice how ""pull away"" changes meaning in context."
"pull back","քաշել (ետ, պատասխանել)","тянуть (назад)","phrasal_verb","B1","Learners should notice how ""pull back"" changes meaning in context."
"pull by","քաշել (by)","тянуть (by)","phrasal_verb","B1","Learners should notice how ""pull by"" changes meaning in context."
"pull down","քաշել (ներքև, գրի առնել)","тянуть (вниз, записать)","phrasal_verb","B1","Learners should notice how ""pull down"" changes meaning in context."
"pull for","քաշել (for)","тянуть (for)","phrasal_verb","B1","Learners should notice how ""pull for"" changes meaning in context."
"pull forward","քաշել (forward)","тянуть (forward)","phrasal_verb","B1","Learners should notice how ""pull forward"" changes meaning in context."
"pull in","քաշել (ներս, հանձնել)","тянуть (внутрь)","phrasal_verb","B1","Learners should notice how ""pull in"" changes meaning in context."
"pull off","քաշել (անց, անջատել)","тянуть (прочь, отключить)","phrasal_verb","B1","Learners should notice how ""pull off"" changes meaning in context."
"pull on","քաշել (շարունակ, միացնել)","тянуть (дальше, включить)","phrasal_verb","B1","Learners should notice how ""pull on"" changes meaning in context."
"pull out","քաշել (դուրս, ամբողջությամբ)","тянуть (наружу, полностью)","phrasal_verb","B1","Learners should notice how ""pull out"" changes meaning in context."
"pull over","քաշել (վրայով, վերանայել)","тянуть (через, заново)","phrasal_verb","B1","Learners should notice how ""pull over"" changes meaning in context."
"pull through","քաշել (մինչև վերջ)","тянуть (насквозь)","phrasal_verb","B1","Learners should notice how ""pull through"" changes meaning in context."
"pull together","քաշել (together)","тянуть (together)","phrasal_verb","B1","Learners should notice how ""pull together"" changes meaning in context."
"pull under","քաշել (under)","тянуть (under)","phrasal_verb","B1","Learners should notice how ""pull under"" changes meaning in context."
"pull up","քաշել (վեր, ավարտել, ավելացնել)","тянуть (вверх, завершить)","phrasal_verb","B1","Learners should notice how ""pull up"" changes meaning in context."
"put about","դնել (about)","класть (about)","phrasal_verb","B1","Learners should notice how ""put about"" changes meaning in context."
"put across","դնել (across)","класть (across)","phrasal_verb","B1","Learners should notice how ""put across"" changes meaning in context."
"put after","դնել (after)","класть (after)","phrasal_verb","B1","Learners should notice how ""put after"" changes meaning in context."
"put along","դնել (along)","класть (along)","phrasal_verb","B1","Learners should notice how ""put along"" changes meaning in context."
"put apart","դնել (apart)","класть (apart)","phrasal_verb","B1","Learners should notice how ""put apart"" changes meaning in context."
"put around","դնել (around)","класть (around)","phrasal_verb","B1","Learners should notice how ""put around"" changes meaning in context."
"put aside","դնել (aside)","класть (aside)","phrasal_verb","B1","Learners should notice how ""put aside"" changes meaning in context."
"put back","դնել (ետ, պատասխանել)","класть (назад)","phrasal_verb","B1","Learners should notice how ""put back"" changes meaning in context."
"put by","դնել (by)","класть (by)","phrasal_verb","B1","Learners should notice how ""put by"" changes meaning in context."
"put for","դնել (for)","класть (for)","phrasal_verb","B1","Learners should notice how ""put for"" changes meaning in context."
"put forward","դնել (forward)","класть (forward)","phrasal_verb","B1","Learners should notice how ""put forward"" changes meaning in context."
"put in","դնել (ներս, հանձնել)","класть (внутрь)","phrasal_verb","B1","Learners should notice how ""put in"" changes meaning in context."
"put over","դնել (վրայով, վերանայել)","класть (через, заново)","phrasal_verb","B1","Learners should notice how ""put over"" changes meaning in context."
"put through","դնել (մինչև վերջ)","класть (насквозь)","phrasal_verb","B1","Learners should notice how ""put through"" changes meaning in context."
"put together","դնել (together)","класть (together)","phrasal_verb","B1","Learners should notice how ""put together"" changes meaning in context."
"put under","դնել (under)","класть (under)","phrasal_verb","B1","Learners should notice how ""put under"" changes meaning in context."
"put up","դնել (վեր, ավարտել, ավելացնել)","класть (вверх, завершить)","phrasal_verb","B1","Learners should notice how ""put up"" changes meaning in context."
"run about","վազել (about)","бежать (about)","phrasal_verb","B1","Learners should notice how ""run about"" changes meaning in context."
"run across","վազել (across)","бежать (across)","phrasal_verb","B1","Learners should notice how ""run across"" changes meaning in context."
"run after","վազել (after)","бежать (after)","phrasal_verb","B1","Learners should notice how ""run after"" changes meaning in context."
"run along","վազել (along)","бежать (along)","phrasal_verb","B1","Learners should notice how ""run along"" changes meaning in context."
"run apart","վազել (apart)","бежать (apart)","phrasal_verb","B1","Learners should notice how ""run apart"" changes meaning in context."
"run around","վազել (around)","бежать (around)","phrasal_verb","B1","Learners should notice how ""run around"" changes meaning in context."
"run aside","վազել (aside)","бежать (aside)","phrasal_verb","B1","Learners should notice how ""run aside"" changes meaning in context."
"run away","վազել (հեռու, դեն նետել)","бежать (прочь)","phrasal_verb","B1","Learners should notice how ""run away"" changes meaning in context."
"run back","վազել (ետ, պատասխանել)","бежать (назад)","phrasal_verb","B1","Learners should notice how ""run back"" changes meaning in context."
"run by","վազել (by)","бежать (by)","phrasal_verb","B1","Learners should notice how ""run by"" changes meaning in context."
"run down","վազել (ներքև, գրի առնել)","бежать (вниз, записать)","phrasal_verb","B1","Learners should notice how ""run down"" changes meaning in context."
"run for","վազել (for)","бежать (for)","phrasal_verb","B1","Learners should notice how ""run for"" changes meaning in context."
"run forward","վազել (forward)","бежать (forward)","phrasal_verb","B1","Learners should notice how ""run forward"" changes meaning in context."
"run in","վազել (ներս, հանձնել)","бежать (внутрь)","phrasal_verb","B1","Learners should notice how ""run in"" changes meaning in context."
"run off","վազել (անց, անջատել)","бежать (прочь, отключить)","phrasal_verb","B1","Learners should notice how ""run off"" changes meaning in context."
"run on","վազել (շարունակ, միացնել)","бежать (дальше, включить)","phrasal_verb","B1","Learners should notice how ""run on"" changes meaning in context."
"run out","վազել (դուրս, ամբողջությամբ)","бежать (наружу, полностью)","phrasal_verb","B1","Learners should notice how ""run out"" changes meaning in context."
"run over","վազել (վրայով, վերանայել)","бежать (через, заново)","phrasal_verb","B1","Learners should notice how ""run over"" changes meaning in context."
"run through","վազել (մինչև վերջ)","бежать (насквозь)","phrasal_verb","B1","Learners should notice how ""run through"" changes meaning in context."
"run together","վազել (together)","бежать (together)","phrasal_verb","B1","Learners should notice how ""run together"" changes meaning in context."
"run under","վազել (under)","бежать (under)","phrasal_verb","B1","Learners should notice how ""run under"" changes meaning in context."
"run up","վազել (վեր, ավարտել, ավելացնել)","бежать (вверх, завершить)","phrasal_verb","B1","Learners should notice how ""run up"" changes meaning in context."
"set about","դնել (about)","устанавливать (about)","phrasal_verb","B1","Learners should notice how ""set about"" changes meaning in context."
"set across","դնել (across)","устанавливать (across)","phrasal_verb","B1","Learners should notice how ""set across"" changes meaning in context."
"set after","դնել (after)","устанавливать (after)","phrasal_verb","B1","Learners should notice how ""set after"" changes meaning in context."
"set along","դնել (along)","устанавливать (along)","phrasal_verb","B1","Learners should notice how ""set along"" changes meaning in context."
"set apart","դնել (apart)","устанавливать (apart)","phrasal_verb","B1","Learners should notice how ""set apart"" changes meaning in context."
"set around","դնել (around)","устанавливать (around)","phrasal_verb","B1","Learners should notice how ""set around"" changes meaning in context."
"set aside","դնել (aside)","устанавливать (aside)","phrasal_verb","B1","Learners should notice how ""set aside"" changes meaning in context."
"set away","դնել (հեռու, դեն նետել)","устанавливать (прочь)","phrasal_verb","B1","Learners should notice how ""set away"" changes meaning in context."
"set back","դնել (ետ, պատասխանել)","устанавливать (назад)","phrasal_verb","B1","Learners should notice how ""set back"" changes meaning in context."
"set by","դնել (by)","устанавливать (by)","phrasal_verb","B1","Learners should notice how ""set by"" changes meaning in context."
"set down","դնել (ներքև, գրի առնել)","устанавливать (вниз, записать)","phrasal_verb","B1","Learners should notice how ""set down"" changes meaning in context."
"set for","դնել (for)","устанавливать (for)","phrasal_verb","B1","Learners should notice how ""set for"" changes meaning in context."
"set forward","դնել (forward)","устанавливать (forward)","phrasal_verb","B1","Learners should notice how ""set forward"" changes meaning in context."
"set in","դնել (ներս, հանձնել)","устанавливать (внутрь)","phrasal_verb","B1","Learners should notice how ""set in"" changes meaning in context."
"set on","դնել (շարունակ, միացնել)","устанавливать (дальше, включить)","phrasal_verb","B1","Learners should notice how ""set on"" changes meaning in context."
"set out","դնել (դուրս, ամբողջությամբ)","устанавливать (наружу, полностью)","phrasal_verb","B1","Learners should notice how ""set out"" changes meaning in context."
"set over","դնել (վրայով, վերանայել)","устанавливать (через, заново)","phrasal_verb","B1","Learners should notice how ""set over"" changes meaning in context."
"set through","դնել (մինչև վերջ)","устанавливать (насквозь)","phrasal_verb","B1","Learners should notice how ""set through"" changes meaning in context."
"set together","դնել (together)","устанавливать (together)","phrasal_verb","B1","Learners should notice how ""set together"" changes meaning in context."
"set under","դնել (under)","устанавливать (under)","phrasal_verb","B1","Learners should notice how ""set under"" changes meaning in context."
"show about","ցույց տալ (about)","показывать (about)","phrasal_verb","B1","Learners should notice how ""show about"" changes meaning in context."
"show across","ցույց տալ (across)","показывать (across)","phrasal_verb","B1","Learners should notice how ""show across"" changes meaning in context."
"show after","ցույց տալ (after)","показывать (after)","phrasal_verb","B1","Learners should notice how ""show after"" changes meaning in context."
"show along","ցույց տալ (along)","показывать (along)","phrasal_verb","B1","Learners should notice how ""show along"" changes meaning in context."
"show apart","ցույց տալ (apart)","показывать (apart)","phrasal_verb","B1","Learners should notice how ""show apart"" changes meaning in context."
"show around","ցույց տալ (around)","показывать (around)","phrasal_verb","B1","Learners should notice how ""show around"" changes meaning in context."
"show aside","ցույց տալ (aside)","показывать (aside)","phrasal_verb","B1","Learners should notice how ""show aside"" changes meaning in context."
"show away","ցույց տալ (հեռու, դեն նետել)","показывать (прочь)","phrasal_verb","B1","Learners should notice how ""show away"" changes meaning in context."
"show back","ցույց տալ (ետ, պատասխանել)","показывать (назад)","phrasal_verb","B1","Learners should notice how ""show back"" changes meaning in context."
"show by","ցույց տալ (by)","показывать (by)","phrasal_verb","B1","Learners should notice how ""show by"" changes meaning in context."
"show down","ցույց տալ (ներքև, գրի առնել)","показывать (вниз, записать)","phrasal_verb","B1","Learners should notice how ""show down"" changes meaning in context."
"show for","ցույց տալ (for)","показывать (for)","phrasal_verb","B1","Learners should notice how ""show for"" changes meaning in context."
"show forward","ցույց տալ (forward)","показывать (forward)","phrasal_verb","B1","Learners should notice how ""show forward"" changes meaning in context."
"show in","ցույց տալ (ներս, հանձնել)","показывать (внутрь)","phrasal_verb","B1","Learners should notice how ""show in"" changes meaning in context."
"show on","ցույց տալ (շարունակ, միացնել)","показывать (дальше, включить)","phrasal_verb","B1","Learners should notice how ""show on"" changes meaning in context."
"show out","ցույց տալ (դուրս, ամբողջությամբ)","показывать (наружу, полностью)","phrasal_verb","B1","Learners should notice how ""show out"" changes meaning in context."
"show over","ցույց տալ (վրայով, վերանայել)","показывать (через, заново)","phrasal_verb","B1","Learners should notice how ""show over"" changes meaning in context."
"show through","ցույց տալ (մինչև վերջ)","показывать (насквозь)","phrasal_verb","B1","Learners should notice how ""show through"" changes meaning in context."
"show together","ցույց տալ (together)","показывать (together)","phrasal_verb","B1","Learners should notice how ""show together"" changes meaning in context."
"show under","ցույց տալ (under)","показывать (under)","phrasal_verb","B1","Learners should notice how ""show under"" changes meaning in context."
"shut about","փակել (about)","закрывать (about)","phrasal_verb","B1","Learners should notice how ""shut about"" changes meaning in context."
"shut across","փակել (across)","закрывать (across)","phrasal_verb","B1","Learners should notice how ""shut across"" changes meaning in context."
"shut after","փակել (after)","закрывать (after)","phrasal_verb","B1","Learners should notice how ""shut after"" changes meaning in context."
"shut along","փակել (along)","закрывать (along)","phrasal_verb","B1","Learners should notice how ""shut along"" changes meaning in context."
"shut apart","փակել (apart)","закрывать (apart)","phrasal_verb","B1","Learners should notice how ""shut apart"" changes meaning in context."
"shut around","փակել (around)","закрывать (around)","phrasal_verb","B1","Learners should notice how ""shut around"" changes meaning in context."
"shut aside","փակել (aside)","закрывать (aside)","phrasal_verb","B1","Learners should notice how ""shut aside"" changes meaning in context."
"shut away","փակել (հեռու, դեն նետել)","закрывать (прочь)","phrasal_verb","B1","Learners should notice how ""shut away"" changes meaning in context."
"shut back","փակել (ետ, պատասխանել)","закрывать (назад)","phrasal_verb","B1","Learners should notice how ""shut back"" changes meaning in context."
"shut by","փակել (by)","закрывать (by)","phrasal_verb","B1","Learners should notice how ""shut by"" changes meaning in context."
"shut down","փակել (ներքև, գրի առնել)","закрывать (вниз, записать)","phrasal_verb","B1","Learners should notice how ""shut down"" changes meaning in context."
"shut for","փակել (for)","закрывать (for)","phrasal_verb","B1","Learners should notice how ""shut for"" changes meaning in context."
"shut forward","փակել (forward)","закрывать (forward)","phrasal_verb","B1","Learners should notice how ""shut forward"" changes meaning in context."
"shut in","փակել (ներս, հանձնել)","закрывать (внутрь)","phrasal_verb","B1","Learners should notice how ""shut in"" changes meaning in context."
"shut off","փակել (անց, անջատել)","закрывать (прочь, отключить)","phrasal_verb","B1","Learners should notice how ""shut off"" changes meaning in context."
"shut on","փակել (շարունակ, միացնել)","закрывать (дальше, включить)","phrasal_verb","B1","Learners should notice how ""shut on"" changes meaning in context."
"shut out","փակել (դուրս, ամբողջությամբ)","закрывать (наружу, полностью)","phrasal_verb","B1","Learners should notice how ""shut out"" changes meaning in context."
"shut over","փակել (վրայով, վերանայել)","закрывать (через, заново)","phrasal_verb","B1","Learners should notice how ""shut over"" changes meaning in context."
"shut through","փակել (մինչև վերջ)","закрывать (насквозь)","phrasal_verb","B1","Learners should notice how ""shut through"" changes meaning in context."
"shut together","փակել (together)","закрывать (together)","phrasal_verb","B1","Learners should notice how ""shut together"" changes meaning in context."
"shut under","փակել (under)","закрывать (under)","phrasal_verb","B1","Learners should notice how ""shut under"" changes meaning in context."
"sit about","նստել (about)","сидеть (about)","phrasal_verb","B1","Learners should notice how ""sit about"" changes meaning in context."
"sit across","նստել (across)","сидеть (across)","phrasal_verb","B1","Learners should notice how ""sit across"" changes meaning in context."
"sit after","նստել (after)","сидеть (after)","phrasal_verb","B1","Learners should notice how ""sit after"" changes meaning in context."
"sit along","նստել (along)","сидеть (along)","phrasal_verb","B1","Learners should notice how ""sit along"" changes meaning in context."
"sit apart","նստել (apart)","сидеть (apart)","phrasal_verb","B1","Learners should notice how ""sit apart"" changes meaning in context."
"sit around","նստել (around)","сидеть (around)","phrasal_verb","B1","Learners should notice how ""sit around"" changes meaning in context."
"sit aside","նստել (aside)","сидеть (aside)","phrasal_verb","B1","Learners should notice how ""sit aside"" changes meaning in context."
"sit away","նստել (հեռու, դեն նետել)","сидеть (прочь)","phrasal_verb","B1","Learners should notice how ""sit away"" changes meaning in context."
"sit back","նստել (ետ, պատասխանել)","сидеть (назад)","phrasal_verb","B1","Learners should notice how ""sit back"" changes meaning in context."
"sit by","նստել (by)","сидеть (by)","phrasal_verb","B1","Learners should notice how ""sit by"" changes meaning in context."
"sit down","նստել (ներքև, գրի առնել)","сидеть (вниз, записать)","phrasal_verb","B1","Learners should notice how ""sit down"" changes meaning in context."
"sit for","նստել (for)","сидеть (for)","phrasal_verb","B1","Learners should notice how ""sit for"" changes meaning in context."
"sit forward","նստել (forward)","сидеть (forward)","phrasal_verb","B1","Learners should notice how ""sit forward"" changes meaning in context."
"sit in","նստել (ներս, հանձնել)","сидеть (внутрь)","phrasal_verb","B1","Learners should notice how ""sit in"" changes meaning in context."
"sit off","նստել (անց, անջատել)","сидеть (прочь, отключить)","phrasal_verb","B1","Learners should notice how ""sit off"" changes meaning in context."
"sit on","նստել (շարունակ, միացնել)","сидеть (дальше, включить)","phrasal_verb","B1","Learners should notice how ""sit on"" changes meaning in context."
"sit out","նստել (դուրս, ամբողջությամբ)","сидеть (наружу, полностью)","phrasal_verb","B1","Learners should notice how ""sit out"" changes meaning in context."
"sit over","նստել (վրայով, վերանայել)","сидеть (через, заново)","phrasal_verb","B1","Learners should notice how ""sit over"" changes meaning in context."
"sit through","նստել (մինչև վերջ)","сидеть (насквозь)","phrasal_verb","B1","Learners should notice how ""sit through"" changes meaning in context."
"sit together","նստել (together)","сидеть (together)","phrasal_verb","B1","Learners should notice how ""sit together"" changes meaning in context."
"sit under","նստել (under)","сидеть (under)","phrasal_verb","B1","Learners should notice how ""sit under"" changes meaning in context."
"sit up","նստել (վեր, ավարտել, ավելացնել)","сидеть (вверх, завершить)","phrasal_verb","B1","Learners should notice how ""sit up"" changes meaning in context."
"stand about","կանգնել (about)","стоять (about)","phrasal_verb","B1","Learners should notice how ""stand about"" changes meaning in context."
"stand across","կանգնել (across)","стоять (across)","phrasal_verb","B1","Learners should notice how ""stand across"" changes meaning in context."
"stand after","կանգնել (after)","стоять (after)","phrasal_verb","B1","Learners should notice how ""stand after"" changes meaning in context."
"stand along","կանգնել (along)","стоять (along)","phrasal_verb","B1","Learners should notice how ""stand along"" changes meaning in context."
"stand apart","կանգնել (apart)","стоять (apart)","phrasal_verb","B1","Learners should notice how ""stand apart"" changes meaning in context."
"stand around","կանգնել (around)","стоять (around)","phrasal_verb","B1","Learners should notice how ""stand around"" changes meaning in context."
"stand aside","կանգնել (aside)","стоять (aside)","phrasal_verb","B1","Learners should notice how ""stand aside"" changes meaning in context."
"stand away","կանգնել (հեռու, դեն նետել)","стоять (прочь)","phrasal_verb","B1","Learners should notice how ""stand away"" changes meaning in context."
"stand back","կանգնել (ետ, պատասխանել)","стоять (назад)","phrasal_verb","B1","Learners should notice how ""stand back"" changes meaning in context."
"stand by","կանգնել (by)","стоять (by)","phrasal_verb","B1","Learners should notice how ""stand by"" changes meaning in context."
"stand down","կանգնել (ներքև, գրի առնել)","стоять (вниз, записать)","phrasal_verb","B1","Learners should notice how ""stand down"" changes meaning in context."
"stand for","կանգնել (for)","стоять (for)","phrasal_verb","B1","Learners should notice how ""stand for"" changes meaning in context."
"stand forward","կանգնել (forward)","стоять (forward)","phrasal_verb","B1","Learners should notice how ""stand forward"" changes meaning in context."
"stand in","կանգնել (ներս, հանձնել)","стоять (внутрь)","phrasal_verb","B1","Learners should notice how ""stand in"" changes meaning in context."
"stand off","կանգնել (անց, անջատել)","стоять (прочь, отключить)","phrasal_verb","B1","Learners should notice how ""stand off"" changes meaning in context."
"stand on","կանգնել (շարունակ, միացնել)","стоять (дальше, включить)","phrasal_verb","B1","Learners should notice how ""stand on"" changes meaning in context."
"stand out","կանգնել (դուրս, ամբողջությամբ)","стоять (наружу, полностью)","phrasal_verb","B1","Learners should notice how ""stand out"" changes meaning in context."
"stand over","կանգնել (վրայով, վերանայել)","стоять (через, заново)","phrasal_verb","B1","Learners should notice how ""stand over"" changes meaning in context."
"stand through","կանգնել (մինչև վերջ)","стоять (насквозь)","phrasal_verb","B1","Learners should notice how ""stand through"" changes meaning in context."
"stand together","կանգնել (together)","стоять (together)","phrasal_verb","B1","Learners should notice how ""stand together"" changes meaning in context."
"stand under","կանգնել (under)","стоять (under)","phrasal_verb","B1","Learners should notice how ""stand under"" changes meaning in context."
"take about","վերցնել (about)","брать (about)","phrasal_verb","B1","Learners should notice how ""take about"" changes meaning in context."
"take across","վերցնել (across)","брать (across)","phrasal_verb","B1","Learners should notice how ""take across"" changes meaning in context."
"take along","վերցնել (along)","брать (along)","phrasal_verb","B1","Learners should notice how ""take along"" changes meaning in context."
"take apart","վերցնել (apart)","брать (apart)","phrasal_verb","B1","Learners should notice how ""take apart"" changes meaning in context."
"take around","վերցնել (around)","брать (around)","phrasal_verb","B1","Learners should notice how ""take around"" changes meaning in context."
"take aside","վերցնել (aside)","брать (aside)","phrasal_verb","B1","Learners should notice how ""take aside"" changes meaning in context."
"take away","վերցնել (հեռու, դեն նետել)","брать (прочь)","phrasal_verb","B1","Learners should notice how ""take away"" changes meaning in context."
"take back","վերցնել (ետ, պատասխանել)","брать (назад)","phrasal_verb","B1","Learners should notice how ""take back"" changes meaning in context."
"take by","վերցնել (by)","брать (by)","phrasal_verb","B1","Learners should notice how ""take by"" changes meaning in context."
"take down","վերցնել (ներքև, գրի առնել)","брать (вниз, записать)","phrasal_verb","B1","Learners should notice how ""take down"" changes meaning in context."
"take for","վերցնել (for)","брать (for)","phrasal_verb","B1","Learners should notice how ""take for"" changes meaning in context."
"take forward","վերցնել (forward)","брать (forward)","phrasal_verb","B1","Learners should notice how ""take forward"" changes meaning in context."
"take in","վերցնել (ներս, հանձնել)","брать (внутрь)","phrasal_verb","B1","Learners should notice how ""take in"" changes meaning in context."
"take on","վերցնել (շարունակ, միացնել)","брать (дальше, включить)","phrasal_verb","B1","Learners should notice how ""take on"" changes meaning in context."
"take over","վերցնել (վրայով, վերանայել)","брать (через, заново)","phrasal_verb","B1","Learners should notice how ""take over"" changes meaning in context."
"take through","վերցնել (մինչև վերջ)","брать (насквозь)","phrasal_verb","B1","Learners should notice how ""take through"" changes meaning in context."
"take together","վերցնել (together)","брать (together)","phrasal_verb","B1","Learners should notice how ""take together"" changes meaning in context."
"take under","վերցնել (under)","брать (under)","phrasal_verb","B1","Learners should notice how ""take under"" changes meaning in context."
"talk about","խոսել (about)","говорить (about)","phrasal_verb","B1","Learners should notice how ""talk about"" changes meaning in context."
"talk across","խոսել (across)","говорить (across)","phrasal_verb","B1","Learners should notice how ""talk across"" changes meaning in context."
"talk after","խոսել (after)","говорить (after)","phrasal_verb","B1","Learners should notice how ""talk after"" changes meaning in context."
"talk along","խոսել (along)","говорить (along)","phrasal_verb","B1","Learners should notice how ""talk along"" changes meaning in context."
"talk apart","խոսել (apart)","говорить (apart)","phrasal_verb","B1","Learners should notice how ""talk apart"" changes meaning in context."
"talk around","խոսել (around)","говорить (around)","phrasal_verb","B1","Learners should notice how ""talk around"" changes meaning in context."
"talk aside","խոսել (aside)","говорить (aside)","phrasal_verb","B1","Learners should notice how ""talk aside"" changes meaning in context."
"talk away","խոսել (հեռու, դեն նետել)","говорить (прочь)","phrasal_verb","B1","Learners should notice how ""talk away"" changes meaning in context."
"talk back","խոսել (ետ, պատասխանել)","говорить (назад)","phrasal_verb","B1","Learners should notice how ""talk back"" changes meaning in context."
"talk by","խոսել (by)","говорить (by)","phrasal_verb","B1","Learners should notice how ""talk by"" changes meaning in context."